date,source,production_m3,service_hours,country
01-01-2020,victoria,22127,21.91618097,uganda
02-01-2020,kyoga,20815,20.00893264,uganda
03-01-2020,kyoga,25110,22.17203724,uganda
04-01-2020,kyoga,20009,20.97548442,uganda
05-01-2020,kyoga,22861,21.79150038,uganda
06-01-2020,kyoga,20297,20.29001583,uganda
07-01-2020,kyoga,24449,23.83561469,uganda
08-01-2020,kyoga,19071,17.99304175,uganda
09-01-2020,victoria,21325,21.74828818,uganda
10-01-2020,kyoga,26758,22.58050053,uganda
11-01-2020,victoria,21579,20.23441775,uganda
12-01-2020,victoria,24615,20.43392813,uganda
13-01-2020,victoria,20525,20.16529337,uganda
14-01-2020,kyoga,20230,20.06364354,uganda
15-01-2020,victoria,23513,22.6139977,uganda
16-01-2020,kyoga,26447,20.61253341,uganda
17-01-2020,kyoga,24039,20.26180169,uganda
18-01-2020,kyoga,21026,20.96042041,uganda
19-01-2020,kyoga,20787,21.67129589,uganda
20-01-2020,kyoga,22761,20.16898788,uganda
21-01-2020,victoria,19906,19.24935387,uganda
22-01-2020,victoria,22164,22.80009453,uganda
23-01-2020,victoria,23248,23.78803751,uganda
24-01-2020,kyoga,23383,22.65393029,uganda
25-01-2020,kyoga,22574,20.37776596,uganda
26-01-2020,kyoga,24148,21.02215961,uganda
27-01-2020,victoria,25911,22.58109483,uganda
28-01-2020,kyoga,25349,20.93218341,uganda
29-01-2020,kyoga,20155,20.20974853,uganda
30-01-2020,victoria,23372,22.10088249,uganda
31-01-2020,kyoga,19747,21.50962377,uganda
01-02-2020,kyoga,21122,21.4314622,uganda
02-02-2020,kyoga,21542,23.94720008,uganda
03-02-2020,victoria,20396,23.33292336,uganda
04-02-2020,victoria,22392,22.54041641,uganda
05-02-2020,victoria,23379,10.76775702,uganda
06-02-2020,kyoga,23539,23.87434205,uganda
07-02-2020,kyoga,21948,20.21958393,uganda
08-02-2020,kyoga,21098,21.02449884,uganda
09-02-2020,kyoga,25824,11.82799497,uganda
10-02-2020,victoria,27058,23.91551171,uganda
11-02-2020,kyoga,24560,20.31802925,uganda
12-02-2020,victoria,22054,21.82042664,uganda
13-02-2020,kyoga,23799,23.91396471,uganda
14-02-2020,kyoga,21835,21.76682466,uganda
15-02-2020,kyoga,22273,20.97806889,uganda
16-02-2020,kyoga,26113,21.66941507,uganda
17-02-2020,kyoga,21792,23.35610588,uganda
18-02-2020,victoria,20265,20.11946982,uganda
19-02-2020,victoria,20237,23.24958429,uganda
20-02-2020,victoria,27724,21.16362985,uganda
21-02-2020,victoria,23899,20.57016894,uganda
22-02-2020,kyoga,19263,19.1077864,uganda
23-02-2020,kyoga,22014,22.85432295,uganda
24-02-2020,victoria,25210,21.25685648,uganda
25-02-2020,kyoga,22141,20.26813856,uganda
26-02-2020,kyoga,26464,20.21998155,uganda
27-02-2020,victoria,23593,20.78937017,uganda
28-02-2020,kyoga,22521,21.80922409,uganda
29-02-2020,kyoga,24276,20.93782559,uganda
01-03-2020,victoria,23545,23.79238877,uganda
02-03-2020,kyoga,36856,22.30051709,uganda
03-03-2020,victoria,24589,20.07997283,uganda
04-03-2020,victoria,20080,21.18455053,uganda
05-03-2020,kyoga,22903,21.90245327,uganda
06-03-2020,victoria,21670,21.32926638,uganda
07-03-2020,kyoga,20523,23.54065352,uganda
08-03-2020,victoria,23181,21.98658549,uganda
09-03-2020,victoria,23863,22.31026253,uganda
10-03-2020,kyoga,24545,21.65844809,uganda
11-03-2020,victoria,23904,23.8930523,uganda
12-03-2020,kyoga,24711,22.63087963,uganda
13-03-2020,kyoga,25711,22.96319444,uganda
14-03-2020,kyoga,24483,22.74844879,uganda
15-03-2020,victoria,22095,23.94754597,uganda
16-03-2020,victoria,24502,22.60872937,uganda
17-03-2020,kyoga,24574,22.89561121,uganda
18-03-2020,kyoga,22224,23.58110681,uganda
19-03-2020,kyoga,25494,23.97178465,uganda
20-03-2020,kyoga,20597,20.44665228,uganda
21-03-2020,victoria,23660,21.63992345,uganda
22-03-2020,kyoga,23286,20.5115107,uganda
23-03-2020,kyoga,20526,21.70347723,uganda
24-03-2020,kyoga,18974,21.79564298,uganda
25-03-2020,kyoga,25935,20.98851979,uganda
26-03-2020,kyoga,23188,23.9767522,uganda
27-03-2020,victoria,18570,21.97472842,uganda
28-03-2020,victoria,19826,18.42062503,uganda
29-03-2020,kyoga,23110,20.10594731,uganda
30-03-2020,victoria,22257,23.51038362,uganda
31-03-2020,victoria,20297,22.654994,uganda
01-04-2020,kyoga,21951,23.72536969,uganda
02-04-2020,kyoga,21053,11.65044759,uganda
03-04-2020,kyoga,22399,23.60017794,uganda
04-04-2020,victoria,26657,20.17866019,uganda
05-04-2020,kyoga,23786,20.44207332,uganda
06-04-2020,victoria,20129,23.24895668,uganda
07-04-2020,kyoga,18126,21.98172223,uganda
08-04-2020,victoria,21612,20.47180779,uganda
09-04-2020,victoria,23142,21.68205791,uganda
10-04-2020,victoria,25956,21.94612524,uganda
11-04-2020,kyoga,25533,21.87973122,uganda
12-04-2020,victoria,22446,20.52678468,uganda
13-04-2020,kyoga,24518,21.77403193,uganda
14-04-2020,victoria,27515,23.24337819,uganda
15-04-2020,victoria,24695,21.50159956,uganda
16-04-2020,victoria,21664,23.71620187,uganda
17-04-2020,kyoga,21503,23.6212391,uganda
18-04-2020,kyoga,22884,20.52777753,uganda
19-04-2020,kyoga,21336,20.64585168,uganda
20-04-2020,victoria,22639,23.2906112,uganda
21-04-2020,victoria,23892,23.92245742,uganda
22-04-2020,victoria,24160,22.48899336,uganda
23-04-2020,victoria,19132,19.88256775,uganda
24-04-2020,kyoga,19486,20.71833627,uganda
25-04-2020,kyoga,22533,22.88781475,uganda
26-04-2020,victoria,23763,22.93999892,uganda
27-04-2020,victoria,23153,23.99584734,uganda
28-04-2020,kyoga,23008,21.29832087,uganda
29-04-2020,victoria,21693,22.52117994,uganda
30-04-2020,victoria,23392,21.06996709,uganda
01-05-2020,victoria,21427,22.19067158,uganda
02-05-2020,victoria,24413,21.09485304,uganda
03-05-2020,victoria,22011,21.42009385,uganda
04-05-2020,kyoga,21446,23.6169023,uganda
05-05-2020,kyoga,22037,23.99935554,uganda
06-05-2020,victoria,24714,22.80746245,uganda
07-05-2020,victoria,21337,20.51218808,uganda
08-05-2020,victoria,21999,20.68893536,uganda
09-05-2020,kyoga,19715,19.91157472,uganda
10-05-2020,victoria,17317,19.18386757,uganda
11-05-2020,victoria,23085,22.40003842,uganda
12-05-2020,victoria,23485,21.86432306,uganda
13-05-2020,victoria,21109,20.76841966,uganda
14-05-2020,victoria,21339,20.8033359,uganda
15-05-2020,kyoga,21347,22.92188747,uganda
16-05-2020,kyoga,22495,23.77216296,uganda
17-05-2020,victoria,19482,20.28965894,uganda
18-05-2020,victoria,22130,22.66873836,uganda
19-05-2020,kyoga,21606,22.59312398,uganda
20-05-2020,kyoga,24261,20.14253353,uganda
21-05-2020,kyoga,21618,23.56343865,uganda
22-05-2020,victoria,17108,18.09962237,uganda
23-05-2020,victoria,19309,22.89786728,uganda
24-05-2020,kyoga,20052,20.20054957,uganda
25-05-2020,kyoga,24001,22.94585955,uganda
26-05-2020,kyoga,27088,22.18926514,uganda
27-05-2020,victoria,22482,20.45607665,uganda
28-05-2020,victoria,25033,20.85921908,uganda
29-05-2020,kyoga,21652,23.47251136,uganda
30-05-2020,victoria,22231,23.49610222,uganda
31-05-2020,victoria,24523,23.30610993,uganda
01-06-2020,victoria,21763,21.45455948,uganda
02-06-2020,kyoga,23812,22.22319652,uganda
03-06-2020,victoria,20103,20.91520456,uganda
04-06-2020,kyoga,19960,20.54052931,uganda
05-06-2020,victoria,25202,20.64769652,uganda
06-06-2020,kyoga,19108,21.50047171,uganda
07-06-2020,victoria,20486,21.63042467,uganda
08-06-2020,victoria,20675,22.20059212,uganda
09-06-2020,kyoga,21629,21.81689341,uganda
10-06-2020,kyoga,22575,23.83956413,uganda
11-06-2020,kyoga,24179,20.80095473,uganda
12-06-2020,victoria,22171,20.03868008,uganda
13-06-2020,kyoga,22718,21.67553933,uganda
14-06-2020,kyoga,23802,23.88046194,uganda
15-06-2020,kyoga,22193,23.24988573,uganda
16-06-2020,victoria,19483,21.31465727,uganda
17-06-2020,kyoga,22809,20.26769248,uganda
18-06-2020,kyoga,24404,21.96030752,uganda
19-06-2020,kyoga,23142,23.26738284,uganda
20-06-2020,kyoga,21630,21.1956651,uganda
21-06-2020,kyoga,20050,20.86113419,uganda
22-06-2020,kyoga,23961,22.13850074,uganda
23-06-2020,victoria,23397,23.85152914,uganda
24-06-2020,victoria,24560,22.00031202,uganda
25-06-2020,kyoga,17933,20.65322434,uganda
26-06-2020,victoria,20969,22.86296876,uganda
27-06-2020,victoria,18103,21.15092587,uganda
28-06-2020,kyoga,20515,22.86203015,uganda
29-06-2020,victoria,25518,20.6528859,uganda
30-06-2020,victoria,17302,21.40587771,uganda
01-07-2020,kyoga,20434,22.33612361,uganda
02-07-2020,victoria,20946,21.8695609,uganda
03-07-2020,kyoga,23323,21.535891,uganda
04-07-2020,kyoga,20449,21.21185923,uganda
05-07-2020,victoria,22548,20.37328537,uganda
06-07-2020,kyoga,25365,23.60204884,uganda
07-07-2020,kyoga,22171,23.69044127,uganda
08-07-2020,kyoga,23417,23.70479118,uganda
09-07-2020,kyoga,19630,19.2902433,uganda
10-07-2020,kyoga,20520,21.90631765,uganda
11-07-2020,victoria,38194,23.12502069,uganda
12-07-2020,kyoga,22814,22.59215101,uganda
13-07-2020,victoria,24219,21.64907877,uganda
14-07-2020,kyoga,22013,23.52639767,uganda
15-07-2020,victoria,20790,20.96259097,uganda
16-07-2020,kyoga,23564,23.4933988,uganda
17-07-2020,kyoga,17326,18.75488402,uganda
18-07-2020,kyoga,23108,22.59582264,uganda
19-07-2020,victoria,17209,16.78176467,uganda
20-07-2020,kyoga,23765,20.42109576,uganda
21-07-2020,victoria,25840,20.85018183,uganda
22-07-2020,victoria,20446,22.76132557,uganda
23-07-2020,victoria,21996,21.83914124,uganda
24-07-2020,kyoga,21311,21.6569348,uganda
25-07-2020,victoria,15695,20.66446633,uganda
26-07-2020,victoria,23408,21.21630727,uganda
27-07-2020,kyoga,22706,21.41924016,uganda
28-07-2020,kyoga,17593,19.31536561,uganda
29-07-2020,kyoga,20909,21.83405423,uganda
30-07-2020,victoria,25096,22.31859084,uganda
31-07-2020,victoria,23661,20.89439175,uganda
01-08-2020,victoria,23547,23.9521447,uganda
02-08-2020,victoria,21718,22.62420039,uganda
03-08-2020,victoria,24882,13.5242547,uganda
04-08-2020,victoria,21824,20.26361037,uganda
05-08-2020,victoria,23838,21.00952529,uganda
06-08-2020,kyoga,22448,21.0368761,uganda
07-08-2020,kyoga,24299,22.16082412,uganda
08-08-2020,victoria,24217,23.39747512,uganda
09-08-2020,victoria,23677,22.22896504,uganda
10-08-2020,kyoga,23204,20.86407385,uganda
11-08-2020,kyoga,22522,21.63099315,uganda
12-08-2020,kyoga,21860,20.28467248,uganda
13-08-2020,victoria,18857,17.87210427,uganda
14-08-2020,victoria,21803,20.22749607,uganda
15-08-2020,kyoga,22426,20.64023978,uganda
16-08-2020,kyoga,22257,20.71725222,uganda
17-08-2020,kyoga,22028,20.96522123,uganda
18-08-2020,kyoga,23855,20.81040842,uganda
19-08-2020,kyoga,21031,21.11769428,uganda
20-08-2020,victoria,22827,22.17565439,uganda
21-08-2020,kyoga,25204,20.11915186,uganda
22-08-2020,victoria,21096,23.45422211,uganda
23-08-2020,kyoga,23601,23.57197566,uganda
24-08-2020,kyoga,19877,20.20987714,uganda
25-08-2020,victoria,24373,23.18398757,uganda
26-08-2020,victoria,25448,20.2675737,uganda
27-08-2020,victoria,25508,21.58387623,uganda
28-08-2020,victoria,27482,23.23811442,uganda
29-08-2020,kyoga,26511,20.14594591,uganda
30-08-2020,kyoga,21504,20.76559804,uganda
31-08-2020,victoria,21213,20.16967483,uganda
01-09-2020,victoria,21671,21.8352367,uganda
02-09-2020,kyoga,25065,13.91600141,uganda
03-09-2020,kyoga,22508,20.05646427,uganda
04-09-2020,kyoga,21961,20.95301375,uganda
05-09-2020,kyoga,23553,20.71678974,uganda
06-09-2020,kyoga,23928,23.66761923,uganda
07-09-2020,kyoga,20729,23.56285745,uganda
08-09-2020,victoria,22186,23.10544192,uganda
09-09-2020,victoria,26484,21.28700434,uganda
10-09-2020,victoria,21792,23.06185516,uganda
11-09-2020,victoria,23594,22.2544294,uganda
12-09-2020,kyoga,22736,23.78816203,uganda
13-09-2020,kyoga,21695,22.90042323,uganda
14-09-2020,victoria,25565,21.93245475,uganda
15-09-2020,victoria,23400,23.17111526,uganda
16-09-2020,kyoga,26208,22.1520198,uganda
17-09-2020,kyoga,22302,22.15163123,uganda
18-09-2020,kyoga,22514,22.06294438,uganda
19-09-2020,kyoga,23946,23.14686057,uganda
20-09-2020,kyoga,19436,21.56306047,uganda
21-09-2020,kyoga,23392,21.50908441,uganda
22-09-2020,victoria,21867,22.81906937,uganda
23-09-2020,kyoga,24119,23.62883286,uganda
24-09-2020,kyoga,23634,21.65359127,uganda
25-09-2020,kyoga,22386,23.27453116,uganda
26-09-2020,victoria,20729,22.33391747,uganda
27-09-2020,victoria,15335,19.45293155,uganda
28-09-2020,kyoga,24051,23.03612572,uganda
29-09-2020,victoria,22194,20.24647567,uganda
30-09-2020,kyoga,22891,22.14037368,uganda
01-10-2020,victoria,22502,23.97301061,uganda
02-10-2020,victoria,23424,21.89619269,uganda
03-10-2020,victoria,35296,22.96655376,uganda
04-10-2020,kyoga,24899,21.35569582,uganda
05-10-2020,kyoga,22343,20.53154463,uganda
06-10-2020,kyoga,21545,21.59179736,uganda
07-10-2020,kyoga,25479,16.92155479,uganda
08-10-2020,kyoga,27725,21.50126529,uganda
09-10-2020,kyoga,21864,22.65541066,uganda
10-10-2020,victoria,22350,22.60035878,uganda
11-10-2020,kyoga,24581,22.10321883,uganda
12-10-2020,victoria,18046,22.14346443,uganda
13-10-2020,kyoga,23548,23.65697187,uganda
14-10-2020,victoria,23337,22.01252999,uganda
15-10-2020,victoria,22961,23.56668141,uganda
16-10-2020,victoria,22508,20.04874369,uganda
17-10-2020,victoria,22513,23.38385844,uganda
18-10-2020,victoria,20652,17.9169802,uganda
19-10-2020,victoria,23766,20.45044249,uganda
20-10-2020,kyoga,21919,21.45180257,uganda
21-10-2020,victoria,22224,23.12842213,uganda
22-10-2020,victoria,19462,19.34884995,uganda
23-10-2020,kyoga,20371,22.83240113,uganda
24-10-2020,kyoga,21982,23.982527,uganda
25-10-2020,victoria,23300,21.67593205,uganda
26-10-2020,kyoga,19582,18.59743677,uganda
27-10-2020,victoria,20228,23.5966201,uganda
28-10-2020,kyoga,39317,22.22245291,uganda
29-10-2020,kyoga,20494,19.62611171,uganda
30-10-2020,victoria,20893,19.06320869,uganda
31-10-2020,victoria,21353,19.21540965,uganda
01-11-2020,victoria,21758,21.74896575,uganda
02-11-2020,kyoga,22406,23.27136639,uganda
03-11-2020,kyoga,27298,20.78609889,uganda
04-11-2020,kyoga,16123,10.43094159,uganda
05-11-2020,kyoga,25328,20.21498234,uganda
06-11-2020,victoria,22504,22.56051099,uganda
07-11-2020,victoria,20300,21.94841793,uganda
08-11-2020,kyoga,19794,22.41073795,uganda
09-11-2020,victoria,24432,23.57319817,uganda
10-11-2020,victoria,27033,14.82556063,uganda
11-11-2020,victoria,19052,19.94449893,uganda
12-11-2020,kyoga,22750,21.79831436,uganda
13-11-2020,victoria,17850,21.60824532,uganda
14-11-2020,kyoga,26340,21.11890168,uganda
15-11-2020,victoria,18931,19.57233753,uganda
16-11-2020,kyoga,22883,21.56670105,uganda
17-11-2020,kyoga,20027,21.13716764,uganda
18-11-2020,kyoga,20625,22.44174826,uganda
19-11-2020,kyoga,20901,21.62985872,uganda
20-11-2020,kyoga,23688,22.90655416,uganda
21-11-2020,kyoga,19512,19.22282962,uganda
22-11-2020,victoria,25433,21.29197632,uganda
23-11-2020,victoria,24010,21.31476646,uganda
24-11-2020,victoria,22903,21.39993845,uganda
25-11-2020,victoria,21990,22.21832033,uganda
26-11-2020,kyoga,24546,22.82261784,uganda
27-11-2020,victoria,24118,22.16926506,uganda
28-11-2020,victoria,21388,21.90749453,uganda
29-11-2020,kyoga,21342,23.45579359,uganda
30-11-2020,kyoga,26868,20.25395872,uganda
01-12-2020,victoria,24982,22.50457072,uganda
02-12-2020,victoria,19253,20.45708942,uganda
03-12-2020,victoria,21837,23.83031088,uganda
04-12-2020,victoria,23179,20.25502475,uganda
05-12-2020,victoria,21856,22.34052936,uganda
06-12-2020,kyoga,27768,22.03328973,uganda
07-12-2020,victoria,23827,23.96407047,uganda
08-12-2020,victoria,30709,23.88299199,uganda
09-12-2020,victoria,25902,23.78178446,uganda
10-12-2020,victoria,21115,23.20367544,uganda
11-12-2020,kyoga,24084,20.04612087,uganda
12-12-2020,victoria,23046,20.7534183,uganda
13-12-2020,kyoga,22398,23.11638115,uganda
14-12-2020,kyoga,22870,20.08750298,uganda
15-12-2020,victoria,24236,21.83500887,uganda
16-12-2020,victoria,21881,22.45763804,uganda
17-12-2020,victoria,23745,20.77235781,uganda
18-12-2020,kyoga,21343,20.26824285,uganda
19-12-2020,kyoga,19972,21.08327555,uganda
20-12-2020,victoria,21172,23.80325894,uganda
21-12-2020,victoria,23940,21.02819712,uganda
22-12-2020,victoria,23971,23.53991703,uganda
23-12-2020,kyoga,19843,20.80908029,uganda
24-12-2020,kyoga,22521,20.39750414,uganda
25-12-2020,victoria,20767,21.30993033,uganda
26-12-2020,victoria,24972,22.44952824,uganda
27-12-2020,victoria,24582,23.29652986,uganda
28-12-2020,victoria,23117,21.10270918,uganda
29-12-2020,kyoga,20444,21.75246738,uganda
30-12-2020,victoria,21649,21.56926684,uganda
31-12-2020,kyoga,19757,19.93613811,uganda
01-01-2021,kyoga,21957,23.83444603,uganda
02-01-2021,victoria,23185,22.64142957,uganda
03-01-2021,kyoga,23905,11.59007828,uganda
04-01-2021,victoria,24023,22.4319921,uganda
05-01-2021,kyoga,21911,21.82201093,uganda
06-01-2021,kyoga,25884,23.32571864,uganda
07-01-2021,victoria,23275,21.98671549,uganda
08-01-2021,victoria,22666,23.14682706,uganda
09-01-2021,victoria,22370,20.24578118,uganda
10-01-2021,kyoga,22023,20.84433556,uganda
11-01-2021,victoria,23070,22.09886384,uganda
12-01-2021,victoria,24290,20.17822326,uganda
13-01-2021,victoria,26383,21.495396,uganda
14-01-2021,victoria,24559,22.88020298,uganda
15-01-2021,kyoga,22660,23.38925456,uganda
16-01-2021,kyoga,22365,13.29703316,uganda
17-01-2021,kyoga,21122,20.39038927,uganda
18-01-2021,kyoga,23347,22.8637945,uganda
19-01-2021,victoria,28158,21.78068532,uganda
20-01-2021,kyoga,18650,17.88519177,uganda
21-01-2021,victoria,25674,21.34243126,uganda
22-01-2021,kyoga,21748,23.7823033,uganda
23-01-2021,victoria,20919,20.44208986,uganda
24-01-2021,kyoga,21880,23.90660044,uganda
25-01-2021,kyoga,20911,21.69542365,uganda
26-01-2021,kyoga,19302,21.21390131,uganda
27-01-2021,victoria,23213,20.8244824,uganda
28-01-2021,victoria,23840,21.65135612,uganda
29-01-2021,victoria,19656,20.60268421,uganda
30-01-2021,victoria,22913,16.80253376,uganda
31-01-2021,kyoga,23251,23.17487478,uganda
01-02-2021,victoria,23624,20.19346253,uganda
02-02-2021,victoria,21592,23.29313928,uganda
03-02-2021,kyoga,22370,23.34792686,uganda
04-02-2021,victoria,19913,20.76300738,uganda
05-02-2021,victoria,20605,23.84329672,uganda
06-02-2021,victoria,19376,21.27434048,uganda
07-02-2021,kyoga,22606,18.19446089,uganda
08-02-2021,kyoga,24833,23.99553442,uganda
09-02-2021,victoria,19667,17.78942829,uganda
10-02-2021,kyoga,24480,18.57239827,uganda
11-02-2021,victoria,20526,20.41108328,uganda
12-02-2021,kyoga,19897,21.17167355,uganda
13-02-2021,kyoga,18630,17.43804099,uganda
14-02-2021,victoria,22841,21.33226781,uganda
15-02-2021,victoria,23471,23.21796968,uganda
16-02-2021,victoria,20607,20.74741893,uganda
17-02-2021,victoria,20984,20.79466961,uganda
18-02-2021,victoria,23484,20.78326708,uganda
19-02-2021,victoria,23928,21.50285917,uganda
20-02-2021,kyoga,23572,20.22852556,uganda
21-02-2021,kyoga,20534,23.91143333,uganda
22-02-2021,kyoga,22209,18.12324829,uganda
23-02-2021,victoria,23408,22.99797002,uganda
24-02-2021,victoria,20464,23.7113917,uganda
25-02-2021,kyoga,30717,20.91340567,uganda
26-02-2021,victoria,18780,19.38634852,uganda
27-02-2021,kyoga,20896,23.34338486,uganda
28-02-2021,kyoga,22929,21.39584661,uganda
01-03-2021,kyoga,22489,20.1055419,uganda
02-03-2021,victoria,19443,21.95242035,uganda
03-03-2021,kyoga,22416,22.05386157,uganda
04-03-2021,victoria,31477,20.7146584,uganda
05-03-2021,victoria,22023,20.79380822,uganda
06-03-2021,victoria,27289,20.96152982,uganda
07-03-2021,kyoga,22393,15.2427405,uganda
08-03-2021,kyoga,24179,21.23969378,uganda
09-03-2021,victoria,23096,20.20519143,uganda
10-03-2021,victoria,24784,22.46369406,uganda
11-03-2021,kyoga,23890,23.04024438,uganda
12-03-2021,victoria,22238,21.23555997,uganda
13-03-2021,kyoga,20887,21.20535804,uganda
14-03-2021,victoria,22175,20.38821223,uganda
15-03-2021,victoria,38870,20.95975548,uganda
16-03-2021,victoria,20347,20.19939491,uganda
17-03-2021,kyoga,21841,21.12717637,uganda
18-03-2021,victoria,21172,22.69980162,uganda
19-03-2021,victoria,19100,19.21154373,uganda
20-03-2021,kyoga,25791,21.46782695,uganda
21-03-2021,kyoga,23027,22.64122903,uganda
22-03-2021,victoria,21370,20.65866353,uganda
23-03-2021,kyoga,17908,18.71992317,uganda
24-03-2021,victoria,24037,22.304773,uganda
25-03-2021,victoria,24734,23.29750341,uganda
26-03-2021,victoria,20195,21.27687654,uganda
27-03-2021,victoria,20275,22.66010027,uganda
28-03-2021,victoria,19968,18.86242607,uganda
29-03-2021,kyoga,19976,19.07070483,uganda
30-03-2021,victoria,24395,23.87464669,uganda
31-03-2021,kyoga,20671,21.12438871,uganda
01-04-2021,kyoga,23876,21.47247211,uganda
02-04-2021,victoria,22294,23.49622559,uganda
03-04-2021,victoria,22583,22.20403725,uganda
04-04-2021,victoria,20851,22.28326163,uganda
05-04-2021,victoria,20212,23.56901113,uganda
06-04-2021,victoria,22107,23.8942544,uganda
07-04-2021,kyoga,18091,19.79131398,uganda
08-04-2021,victoria,23439,20.07233947,uganda
09-04-2021,victoria,24491,23.23449598,uganda
10-04-2021,victoria,22263,20.56994962,uganda
11-04-2021,victoria,24260,22.89772274,uganda
12-04-2021,kyoga,25051,22.28318703,uganda
13-04-2021,victoria,25554,21.75732587,uganda
14-04-2021,victoria,17759,18.43006949,uganda
15-04-2021,victoria,26476,23.89167813,uganda
16-04-2021,victoria,22821,20.67016633,uganda
17-04-2021,kyoga,22232,20.94054099,uganda
18-04-2021,kyoga,23595,20.38710998,uganda
19-04-2021,victoria,28426,20.86060969,uganda
20-04-2021,victoria,23831,22.31020489,uganda
21-04-2021,kyoga,22073,20.07441653,uganda
22-04-2021,kyoga,23787,21.40964139,uganda
23-04-2021,victoria,22540,20.40872592,uganda
24-04-2021,kyoga,22881,22.42350169,uganda
25-04-2021,victoria,22607,22.53860081,uganda
26-04-2021,victoria,26674,21.3596224,uganda
27-04-2021,victoria,18683,19.3797087,uganda
28-04-2021,kyoga,22483,23.04690016,uganda
29-04-2021,kyoga,20747,20.00486438,uganda
30-04-2021,kyoga,21128,22.17546841,uganda
01-05-2021,kyoga,20246,21.69102645,uganda
02-05-2021,kyoga,20380,20.54983663,uganda
03-05-2021,kyoga,25350,23.22567634,uganda
04-05-2021,victoria,21183,22.30519722,uganda
05-05-2021,kyoga,21519,21.23402853,uganda
06-05-2021,victoria,24433,22.99481732,uganda
07-05-2021,kyoga,23885,23.96387569,uganda
08-05-2021,victoria,20574,22.26951453,uganda
09-05-2021,kyoga,25147,21.96858951,uganda
10-05-2021,victoria,23890,23.84939702,uganda
11-05-2021,victoria,22342,22.20934225,uganda
12-05-2021,victoria,25290,23.97425419,uganda
13-05-2021,victoria,20695,22.05039856,uganda
14-05-2021,kyoga,22851,22.04124214,uganda
15-05-2021,victoria,22101,22.69232914,uganda
16-05-2021,kyoga,23856,23.7128323,uganda
17-05-2021,victoria,23529,21.10607131,uganda
18-05-2021,victoria,21686,23.51582765,uganda
19-05-2021,victoria,21082,21.59189658,uganda
20-05-2021,victoria,21580,21.93898924,uganda
21-05-2021,kyoga,23167,20.83340668,uganda
22-05-2021,kyoga,21328,22.19352656,uganda
23-05-2021,victoria,16839,21.69525616,uganda
24-05-2021,victoria,23783,20.92667375,uganda
25-05-2021,victoria,22366,22.75021494,uganda
26-05-2021,kyoga,23917,21.23895985,uganda
27-05-2021,victoria,21315,23.85428336,uganda
28-05-2021,kyoga,22511,23.53909949,uganda
29-05-2021,kyoga,22221,20.59053408,uganda
30-05-2021,kyoga,19952,20.03954507,uganda
31-05-2021,victoria,22361,23.01494951,uganda
01-06-2021,kyoga,23408,22.92498999,uganda
02-06-2021,victoria,22941,21.36798512,uganda
03-06-2021,kyoga,23820,23.76116191,uganda
04-06-2021,kyoga,24644,20.69101049,uganda
05-06-2021,kyoga,24737,22.17763368,uganda
06-06-2021,kyoga,25963,21.3916151,uganda
07-06-2021,victoria,27982,21.43296466,uganda
08-06-2021,victoria,23386,20.49383793,uganda
09-06-2021,victoria,23078,22.25403304,uganda
10-06-2021,victoria,17830,20.91017068,uganda
11-06-2021,kyoga,30303,21.05271603,uganda
12-06-2021,kyoga,22546,20.5838262,uganda
13-06-2021,kyoga,26230,22.39210756,uganda
14-06-2021,victoria,23497,21.68047124,uganda
15-06-2021,victoria,21619,22.07782027,uganda
16-06-2021,kyoga,26386,20.79286958,uganda
17-06-2021,victoria,23833,21.86578156,uganda
18-06-2021,kyoga,20937,23.61435091,uganda
19-06-2021,kyoga,24322,21.88869551,uganda
20-06-2021,kyoga,23025,13.93660694,uganda
21-06-2021,kyoga,21433,21.35541287,uganda
22-06-2021,victoria,24216,20.31184334,uganda
23-06-2021,kyoga,24787,20.72165667,uganda
24-06-2021,kyoga,21507,20.54078357,uganda
25-06-2021,kyoga,25872,21.37082515,uganda
26-06-2021,victoria,19600,21.44214683,uganda
27-06-2021,kyoga,23383,23.43586873,uganda
28-06-2021,victoria,24753,21.44304288,uganda
29-06-2021,kyoga,22952,15.68468862,uganda
30-06-2021,kyoga,31968,21.5131285,uganda
01-07-2021,kyoga,24951,20.16969555,uganda
02-07-2021,victoria,21979,20.28462836,uganda
03-07-2021,victoria,24844,20.60889641,uganda
04-07-2021,victoria,23202,21.22113213,uganda
05-07-2021,victoria,25749,23.85606952,uganda
06-07-2021,victoria,20988,21.92261732,uganda
07-07-2021,victoria,19107,20.5654661,uganda
08-07-2021,kyoga,20983,22.78804624,uganda
09-07-2021,victoria,23637,18.45666752,uganda
10-07-2021,kyoga,22636,20.95203399,uganda
11-07-2021,victoria,24204,23.97706238,uganda
12-07-2021,victoria,24716,23.06355486,uganda
13-07-2021,victoria,23972,23.85214891,uganda
14-07-2021,victoria,20628,23.32149793,uganda
15-07-2021,victoria,24194,21.04322359,uganda
16-07-2021,victoria,21106,21.79511208,uganda
17-07-2021,victoria,21374,21.35547198,uganda
18-07-2021,kyoga,24014,21.6557463,uganda
19-07-2021,kyoga,23216,21.44400257,uganda
20-07-2021,victoria,22846,20.60561941,uganda
21-07-2021,kyoga,21013,21.21691836,uganda
22-07-2021,victoria,23720,23.78299787,uganda
23-07-2021,victoria,21763,22.49404844,uganda
24-07-2021,victoria,21801,22.23288264,uganda
25-07-2021,kyoga,21339,21.1382277,uganda
26-07-2021,victoria,23204,21.56744223,uganda
27-07-2021,kyoga,27637,22.29807169,uganda
28-07-2021,kyoga,20046,22.9376918,uganda
29-07-2021,victoria,20317,22.13128865,uganda
30-07-2021,victoria,22805,20.22769804,uganda
31-07-2021,kyoga,22604,23.72078014,uganda
01-08-2021,kyoga,19012,20.57198457,uganda
02-08-2021,kyoga,18494,22.17926037,uganda
03-08-2021,victoria,20257,22.87630993,uganda
04-08-2021,victoria,19277,21.19843024,uganda
05-08-2021,victoria,22384,21.49576872,uganda
06-08-2021,victoria,21452,22.01171089,uganda
07-08-2021,kyoga,24626,21.75900429,uganda
08-08-2021,victoria,15863,21.25476474,uganda
09-08-2021,kyoga,19885,20.19034277,uganda
10-08-2021,kyoga,23925,21.791557,uganda
11-08-2021,victoria,24624,23.37557903,uganda
12-08-2021,kyoga,21871,21.77124946,uganda
13-08-2021,victoria,22623,20.83034702,uganda
14-08-2021,victoria,21383,21.2207624,uganda
15-08-2021,kyoga,23051,21.97418314,uganda
16-08-2021,kyoga,33828,22.31120645,uganda
17-08-2021,victoria,22735,21.4903728,uganda
18-08-2021,victoria,22355,21.94739605,uganda
19-08-2021,victoria,19153,18.28194141,uganda
20-08-2021,victoria,21837,21.40273193,uganda
21-08-2021,victoria,21619,21.90851992,uganda
22-08-2021,victoria,24444,23.71701173,uganda
23-08-2021,kyoga,19863,20.15081365,uganda
24-08-2021,kyoga,25009,23.73913255,uganda
25-08-2021,victoria,18903,21.00805007,uganda
26-08-2021,victoria,24988,23.16815001,uganda
27-08-2021,kyoga,20413,20.42344623,uganda
28-08-2021,kyoga,24214,21.54038221,uganda
29-08-2021,kyoga,26425,22.48709831,uganda
30-08-2021,kyoga,21789,20.13478345,uganda
31-08-2021,kyoga,20876,20.12412107,uganda
01-09-2021,victoria,22648,20.0454549,uganda
02-09-2021,victoria,21287,23.8202732,uganda
03-09-2021,victoria,23399,20.36189453,uganda
04-09-2021,victoria,26590,21.76632123,uganda
05-09-2021,victoria,21779,22.84965545,uganda
06-09-2021,kyoga,24128,21.68595101,uganda
07-09-2021,victoria,24897,22.39866706,uganda
08-09-2021,kyoga,18093,18.74276685,uganda
09-09-2021,kyoga,26153,21.66508933,uganda
10-09-2021,victoria,25501,23.5387612,uganda
11-09-2021,kyoga,22743,23.23800721,uganda
12-09-2021,victoria,22164,22.44187554,uganda
13-09-2021,kyoga,23232,21.30375072,uganda
14-09-2021,victoria,24171,20.28641615,uganda
15-09-2021,kyoga,21491,21.12569931,uganda
16-09-2021,victoria,24314,21.0738508,uganda
17-09-2021,kyoga,21012,21.49942117,uganda
18-09-2021,kyoga,24848,22.30012448,uganda
19-09-2021,victoria,20963,20.11973433,uganda
20-09-2021,victoria,24557,20.77703964,uganda
21-09-2021,victoria,20059,22.11767538,uganda
22-09-2021,victoria,25811,23.67586679,uganda
23-09-2021,kyoga,24650,22.723598,uganda
24-09-2021,kyoga,22673,21.54704004,uganda
25-09-2021,kyoga,21508,23.20508836,uganda
26-09-2021,kyoga,22519,23.5891751,uganda
27-09-2021,victoria,22683,21.48687792,uganda
28-09-2021,victoria,24254,20.92159374,uganda
29-09-2021,kyoga,26005,21.86292142,uganda
30-09-2021,kyoga,21499,20.01284707,uganda
01-10-2021,kyoga,20698,20.82230794,uganda
02-10-2021,kyoga,24147,23.60760711,uganda
03-10-2021,kyoga,25132,22.43036552,uganda
04-10-2021,victoria,19312,17.61586468,uganda
05-10-2021,victoria,22716,21.33897157,uganda
06-10-2021,victoria,22074,23.23634785,uganda
07-10-2021,kyoga,20573,22.69965792,uganda
08-10-2021,kyoga,25737,23.57730526,uganda
09-10-2021,victoria,22124,22.98482928,uganda
10-10-2021,kyoga,25037,22.37608383,uganda
11-10-2021,victoria,18552,21.1100572,uganda
12-10-2021,victoria,22388,22.91786189,uganda
13-10-2021,kyoga,21119,20.38781203,uganda
14-10-2021,kyoga,22843,20.40613254,uganda
15-10-2021,victoria,22568,23.4425933,uganda
16-10-2021,victoria,19908,18.15737846,uganda
17-10-2021,kyoga,20310,22.27502038,uganda
18-10-2021,kyoga,22632,21.30141916,uganda
19-10-2021,victoria,25326,22.43848089,uganda
20-10-2021,victoria,23161,21.89823669,uganda
21-10-2021,victoria,22186,21.817502,uganda
22-10-2021,victoria,23241,22.48335567,uganda
23-10-2021,victoria,22780,22.04487247,uganda
24-10-2021,kyoga,23142,23.83022838,uganda
25-10-2021,victoria,22412,23.98099621,uganda
26-10-2021,kyoga,25101,22.68959778,uganda
27-10-2021,victoria,26892,23.46147927,uganda
28-10-2021,kyoga,22432,21.96057042,uganda
29-10-2021,victoria,23039,23.92338249,uganda
30-10-2021,victoria,21593,21.10001106,uganda
31-10-2021,kyoga,22745,21.34012507,uganda
01-11-2021,kyoga,24088,21.24004813,uganda
02-11-2021,victoria,22473,23.53944486,uganda
03-11-2021,victoria,23005,23.96567807,uganda
04-11-2021,kyoga,19018,19.06110821,uganda
05-11-2021,victoria,22401,21.22274108,uganda
06-11-2021,victoria,23633,20.04191864,uganda
07-11-2021,kyoga,23163,23.29491229,uganda
08-11-2021,kyoga,23383,20.75144152,uganda
09-11-2021,kyoga,20013,23.46593218,uganda
10-11-2021,kyoga,24603,20.42869934,uganda
11-11-2021,victoria,23749,21.49826638,uganda
12-11-2021,kyoga,16616,19.35346351,uganda
13-11-2021,victoria,21157,20.93345504,uganda
14-11-2021,victoria,23136,21.37253726,uganda
15-11-2021,kyoga,21804,23.48097326,uganda
16-11-2021,kyoga,25159,21.06565997,uganda
17-11-2021,kyoga,23710,20.33409922,uganda
18-11-2021,kyoga,24716,21.04294818,uganda
19-11-2021,victoria,20611,23.51176969,uganda
20-11-2021,kyoga,36624,20.52855321,uganda
21-11-2021,victoria,23144,20.20159408,uganda
22-11-2021,victoria,22225,22.36913971,uganda
23-11-2021,kyoga,21869,21.89598358,uganda
24-11-2021,victoria,22020,23.41264145,uganda
25-11-2021,victoria,22911,21.90025951,uganda
26-11-2021,kyoga,17288,19.73001092,uganda
27-11-2021,kyoga,24015,22.21417553,uganda
28-11-2021,victoria,21660,21.65913767,uganda
29-11-2021,kyoga,23502,23.42318537,uganda
30-11-2021,kyoga,21348,23.75887272,uganda
01-12-2021,victoria,23048,21.15948666,uganda
02-12-2021,victoria,22963,20.88383789,uganda
03-12-2021,kyoga,25730,20.85483746,uganda
04-12-2021,kyoga,20945,23.56597797,uganda
05-12-2021,kyoga,18793,17.50916661,uganda
06-12-2021,victoria,23152,22.25664478,uganda
07-12-2021,kyoga,21293,23.28257406,uganda
08-12-2021,victoria,23206,22.99019567,uganda
09-12-2021,kyoga,22897,22.38331397,uganda
10-12-2021,victoria,24072,21.32341937,uganda
11-12-2021,kyoga,23695,12.07431393,uganda
12-12-2021,victoria,22344,23.023939,uganda
13-12-2021,kyoga,16148,21.81433032,uganda
14-12-2021,victoria,22768,21.4497104,uganda
15-12-2021,kyoga,23065,20.57422444,uganda
16-12-2021,victoria,22142,23.48654402,uganda
17-12-2021,victoria,20595,23.79053378,uganda
18-12-2021,victoria,25944,20.46246877,uganda
19-12-2021,victoria,19630,20.28192028,uganda
20-12-2021,kyoga,22481,20.41346276,uganda
21-12-2021,victoria,22740,23.90927045,uganda
22-12-2021,kyoga,22750,22.68356221,uganda
23-12-2021,kyoga,19518,21.90158806,uganda
24-12-2021,victoria,18787,19.56684192,uganda
25-12-2021,kyoga,19470,21.57329713,uganda
26-12-2021,victoria,23512,23.607682,uganda
27-12-2021,victoria,22542,23.73918299,uganda
28-12-2021,victoria,24646,21.97751084,uganda
29-12-2021,victoria,25610,23.03314614,uganda
30-12-2021,kyoga,23178,22.304225,uganda
31-12-2021,victoria,21968,21.91308317,uganda
01-01-2022,kyoga,21418,20.49882265,uganda
02-01-2022,kyoga,20820,21.81188035,uganda
03-01-2022,kyoga,20644,23.44810443,uganda
04-01-2022,victoria,22553,21.11359452,uganda
05-01-2022,kyoga,20011,23.31069319,uganda
06-01-2022,kyoga,21359,20.92542022,uganda
07-01-2022,victoria,20885,22.67474018,uganda
08-01-2022,kyoga,20709,22.09974702,uganda
09-01-2022,victoria,22599,20.62916919,uganda
10-01-2022,kyoga,19367,20.92906504,uganda
11-01-2022,victoria,24037,21.72454437,uganda
12-01-2022,kyoga,22319,22.0984584,uganda
13-01-2022,kyoga,21358,20.90682104,uganda
14-01-2022,victoria,22009,21.81145033,uganda
15-01-2022,kyoga,20829,22.54180758,uganda
16-01-2022,kyoga,21924,22.69967892,uganda
17-01-2022,victoria,22070,22.52328141,uganda
18-01-2022,victoria,22502,22.49219239,uganda
19-01-2022,kyoga,22040,21.44997896,uganda
20-01-2022,kyoga,20871,23.31210267,uganda
21-01-2022,victoria,25475,20.65522278,uganda
22-01-2022,victoria,23947,21.25916694,uganda
23-01-2022,kyoga,19877,18.84357946,uganda
24-01-2022,kyoga,20228,22.0693864,uganda
25-01-2022,victoria,19348,20.02513226,uganda
26-01-2022,kyoga,20080,21.939917,uganda
27-01-2022,kyoga,23838,21.00803533,uganda
28-01-2022,kyoga,24071,23.56149996,uganda
29-01-2022,kyoga,22483,21.46624116,uganda
30-01-2022,victoria,23226,22.10943277,uganda
31-01-2022,victoria,22844,23.23582205,uganda
01-02-2022,kyoga,27475,23.67530703,uganda
02-02-2022,victoria,23049,23.16537094,uganda
03-02-2022,kyoga,23504,22.80501637,uganda
04-02-2022,victoria,25884,21.55520843,uganda
05-02-2022,victoria,22967,23.62665709,uganda
06-02-2022,victoria,20315,21.05248077,uganda
07-02-2022,victoria,22604,21.99785865,uganda
08-02-2022,kyoga,25782,20.90395994,uganda
09-02-2022,victoria,23068,22.73112829,uganda
10-02-2022,victoria,21259,22.13699101,uganda
11-02-2022,victoria,21471,20.36734974,uganda
12-02-2022,kyoga,23002,23.17673848,uganda
13-02-2022,kyoga,20432,22.97425401,uganda
14-02-2022,victoria,18141,19.96754172,uganda
15-02-2022,kyoga,22254,23.51914949,uganda
16-02-2022,victoria,23562,21.3151787,uganda
17-02-2022,kyoga,21816,22.95143692,uganda
18-02-2022,kyoga,24700,21.23032053,uganda
19-02-2022,kyoga,24655,20.32979059,uganda
20-02-2022,kyoga,20774,21.50553107,uganda
21-02-2022,kyoga,22673,22.45683433,uganda
22-02-2022,kyoga,21244,20.95295656,uganda
23-02-2022,kyoga,19689,19.51616116,uganda
24-02-2022,victoria,22381,22.40975866,uganda
25-02-2022,kyoga,23252,21.09271891,uganda
26-02-2022,victoria,24595,23.77574982,uganda
27-02-2022,victoria,26126,22.4046949,uganda
28-02-2022,victoria,21833,20.17765012,uganda
01-03-2022,victoria,21554,20.84348326,uganda
02-03-2022,victoria,20374,20.93336713,uganda
03-03-2022,victoria,19467,21.52085302,uganda
04-03-2022,kyoga,19197,21.9087448,uganda
05-03-2022,victoria,19784,20.64805415,uganda
06-03-2022,victoria,23019,23.95305378,uganda
07-03-2022,victoria,24689,22.59425068,uganda
08-03-2022,victoria,25243,23.57657035,uganda
09-03-2022,victoria,22594,23.48183436,uganda
10-03-2022,kyoga,23604,22.25085824,uganda
11-03-2022,kyoga,22387,22.07476367,uganda
12-03-2022,victoria,20405,15.94390128,uganda
13-03-2022,victoria,21194,20.80693657,uganda
14-03-2022,kyoga,22014,23.27460238,uganda
15-03-2022,kyoga,30878,22.09468373,uganda
16-03-2022,victoria,20875,17.8973245,uganda
17-03-2022,victoria,24832,23.90415821,uganda
18-03-2022,kyoga,24177,21.12015435,uganda
19-03-2022,victoria,23691,20.03288681,uganda
20-03-2022,victoria,22071,23.24723457,uganda
21-03-2022,victoria,24066,22.60625737,uganda
22-03-2022,kyoga,22352,21.33441454,uganda
23-03-2022,kyoga,22157,22.71551568,uganda
24-03-2022,victoria,22245,23.29128077,uganda
25-03-2022,kyoga,21080,21.39687135,uganda
26-03-2022,kyoga,22232,20.90117342,uganda
27-03-2022,victoria,22914,23.73827923,uganda
28-03-2022,kyoga,21338,21.30428139,uganda
29-03-2022,victoria,22950,16.8381854,uganda
30-03-2022,victoria,22757,20.96190066,uganda
31-03-2022,kyoga,21899,22.1436302,uganda
01-04-2022,kyoga,24590,21.32233579,uganda
02-04-2022,kyoga,21356,22.14943896,uganda
03-04-2022,kyoga,25189,22.72011399,uganda
04-04-2022,kyoga,25600,22.81782242,uganda
05-04-2022,kyoga,23205,20.15553159,uganda
06-04-2022,victoria,23584,21.67494513,uganda
07-04-2022,victoria,22809,21.0511824,uganda
08-04-2022,victoria,22679,21.54536798,uganda
09-04-2022,kyoga,21442,20.49971161,uganda
10-04-2022,victoria,21900,21.89684955,uganda
11-04-2022,kyoga,20269,23.60804461,uganda
12-04-2022,kyoga,20104,23.02452428,uganda
13-04-2022,kyoga,24736,20.29951123,uganda
14-04-2022,kyoga,21973,23.65489415,uganda
15-04-2022,victoria,26204,21.13447255,uganda
16-04-2022,victoria,26103,22.08530839,uganda
17-04-2022,kyoga,26077,14.52021656,uganda
18-04-2022,victoria,19758,19.04649344,uganda
19-04-2022,kyoga,21305,21.41011772,uganda
20-04-2022,victoria,23576,21.70644819,uganda
21-04-2022,kyoga,23665,20.99301529,uganda
22-04-2022,victoria,20570,22.90856859,uganda
23-04-2022,victoria,25124,22.80883205,uganda
24-04-2022,victoria,22699,21.31113201,uganda
25-04-2022,victoria,21979,23.66012302,uganda
26-04-2022,victoria,22675,21.71578261,uganda
27-04-2022,kyoga,23445,21.59137678,uganda
28-04-2022,kyoga,24040,23.10736258,uganda
29-04-2022,victoria,19948,19.52617486,uganda
30-04-2022,kyoga,21765,21.21236274,uganda
01-05-2022,kyoga,22211,21.5883625,uganda
02-05-2022,kyoga,21502,20.35147547,uganda
03-05-2022,kyoga,23445,21.19318496,uganda
04-05-2022,kyoga,23757,20.54908752,uganda
05-05-2022,kyoga,24452,23.2386332,uganda
06-05-2022,kyoga,28081,22.01954552,uganda
07-05-2022,victoria,20517,23.9557206,uganda
08-05-2022,kyoga,23757,23.35169341,uganda
09-05-2022,kyoga,23616,22.10611172,uganda
10-05-2022,victoria,21987,20.30433943,uganda
11-05-2022,victoria,19843,20.87204101,uganda
12-05-2022,victoria,19837,20.08305408,uganda
13-05-2022,kyoga,23402,22.8516236,uganda
14-05-2022,kyoga,23607,22.03301801,uganda
15-05-2022,kyoga,18222,19.41908739,uganda
16-05-2022,kyoga,22247,20.15172399,uganda
17-05-2022,victoria,22388,20.03625508,uganda
18-05-2022,kyoga,21951,21.22119879,uganda
19-05-2022,victoria,21886,22.21397562,uganda
20-05-2022,victoria,24728,21.00629446,uganda
21-05-2022,kyoga,21562,21.48033628,uganda
22-05-2022,kyoga,28632,23.71798669,uganda
23-05-2022,victoria,24822,21.3092844,uganda
24-05-2022,kyoga,23270,22.57567412,uganda
25-05-2022,kyoga,21664,23.98158776,uganda
26-05-2022,victoria,26436,23.13484287,uganda
27-05-2022,victoria,26141,20.38615006,uganda
28-05-2022,victoria,23811,22.62753506,uganda
29-05-2022,kyoga,24898,22.42207992,uganda
30-05-2022,victoria,24418,23.7905987,uganda
31-05-2022,victoria,21813,23.86232097,uganda
01-06-2022,victoria,24039,22.43427206,uganda
02-06-2022,victoria,20653,23.19681537,uganda
03-06-2022,kyoga,23872,21.16968931,uganda
04-06-2022,victoria,22419,20.42714976,uganda
05-06-2022,victoria,21125,20.30871168,uganda
06-06-2022,victoria,22615,23.65351125,uganda
07-06-2022,victoria,21958,20.93155773,uganda
08-06-2022,victoria,20440,21.04009456,uganda
09-06-2022,victoria,23011,20.97978562,uganda
10-06-2022,kyoga,20326,21.65659162,uganda
11-06-2022,victoria,24176,21.55436075,uganda
12-06-2022,kyoga,28972,20.4544628,uganda
13-06-2022,kyoga,21503,15.69121527,uganda
14-06-2022,kyoga,21354,23.44848468,uganda
15-06-2022,victoria,22801,22.47769698,uganda
16-06-2022,victoria,22385,22.74438313,uganda
17-06-2022,victoria,22963,23.92622918,uganda
18-06-2022,kyoga,21198,20.10001083,uganda
19-06-2022,victoria,23580,23.97541275,uganda
20-06-2022,kyoga,21159,22.53797511,uganda
21-06-2022,kyoga,22574,22.85506494,uganda
22-06-2022,victoria,23136,23.34451135,uganda
23-06-2022,victoria,25060,20.68732906,uganda
24-06-2022,kyoga,19216,21.12697772,uganda
25-06-2022,victoria,19616,18.58682155,uganda
26-06-2022,kyoga,25833,20.56549235,uganda
27-06-2022,victoria,24516,22.17130483,uganda
28-06-2022,kyoga,25494,20.50721852,uganda
29-06-2022,kyoga,23357,22.96710469,uganda
30-06-2022,victoria,21407,22.31712124,uganda
01-07-2022,victoria,22413,21.94192358,uganda
02-07-2022,kyoga,18555,7.121631361,uganda
03-07-2022,victoria,21604,23.34731772,uganda
04-07-2022,kyoga,26597,23.49769901,uganda
05-07-2022,kyoga,24159,22.34127114,uganda
06-07-2022,kyoga,18281,20.96476394,uganda
07-07-2022,victoria,22998,22.99009374,uganda
08-07-2022,victoria,23498,23.59881226,uganda
09-07-2022,victoria,21902,23.11421306,uganda
10-07-2022,victoria,23872,23.94184627,uganda
11-07-2022,victoria,23888,21.0297612,uganda
12-07-2022,victoria,24178,22.20726617,uganda
13-07-2022,kyoga,20539,20.62965106,uganda
14-07-2022,victoria,23613,21.3653261,uganda
15-07-2022,kyoga,25082,22.28336704,uganda
16-07-2022,kyoga,24356,20.81626473,uganda
17-07-2022,victoria,22482,23.5507353,uganda
18-07-2022,kyoga,18833,19.79830831,uganda
19-07-2022,kyoga,19257,18.0810378,uganda
20-07-2022,kyoga,23067,22.0560642,uganda
21-07-2022,kyoga,22816,23.25601578,uganda
22-07-2022,victoria,21166,20.39387899,uganda
23-07-2022,victoria,22803,22.04076903,uganda
24-07-2022,victoria,20875,20.33866876,uganda
25-07-2022,victoria,26453,21.03944075,uganda
26-07-2022,victoria,22767,20.52295948,uganda
27-07-2022,victoria,21606,22.18356784,uganda
28-07-2022,kyoga,22070,23.33796453,uganda
29-07-2022,kyoga,23400,21.78395469,uganda
30-07-2022,kyoga,23059,22.94706685,uganda
31-07-2022,kyoga,22132,21.41497799,uganda
01-08-2022,victoria,25164,22.43919291,uganda
02-08-2022,victoria,22971,22.97244042,uganda
03-08-2022,victoria,22846,23.87765629,uganda
04-08-2022,victoria,22670,21.34352245,uganda
05-08-2022,victoria,25360,20.68169833,uganda
06-08-2022,kyoga,25638,23.37902707,uganda
07-08-2022,kyoga,22229,21.63026321,uganda
08-08-2022,victoria,22218,20.50600623,uganda
09-08-2022,kyoga,21807,23.60288291,uganda
10-08-2022,kyoga,24713,21.39803072,uganda
11-08-2022,victoria,19154,20.98050911,uganda
12-08-2022,kyoga,22211,22.51728584,uganda
13-08-2022,kyoga,21927,20.76205427,uganda
14-08-2022,victoria,26043,23.87475627,uganda
15-08-2022,kyoga,19652,21.98066536,uganda
16-08-2022,kyoga,22312,23.53752021,uganda
17-08-2022,kyoga,18914,18.95610709,uganda
18-08-2022,kyoga,22374,21.50277172,uganda
19-08-2022,victoria,23623,23.93905664,uganda
20-08-2022,kyoga,22204,21.38995854,uganda
21-08-2022,kyoga,26038,23.90595334,uganda
22-08-2022,victoria,20202,23.90949395,uganda
23-08-2022,kyoga,21777,23.34364244,uganda
24-08-2022,kyoga,25379,22.33872146,uganda
25-08-2022,kyoga,23342,23.28266266,uganda
26-08-2022,kyoga,20226,22.06738232,uganda
27-08-2022,kyoga,21666,22.09511818,uganda
28-08-2022,victoria,20903,20.23925711,uganda
29-08-2022,victoria,26951,20.06905405,uganda
30-08-2022,kyoga,22118,22.9299639,uganda
31-08-2022,victoria,20648,23.64726151,uganda
01-09-2022,kyoga,24719,23.73201874,uganda
02-09-2022,victoria,18944,18.23624943,uganda
03-09-2022,victoria,23297,23.43066358,uganda
04-09-2022,kyoga,24220,23.97653893,uganda
05-09-2022,victoria,19902,22.25961501,uganda
06-09-2022,victoria,24460,23.1631041,uganda
07-09-2022,victoria,21483,23.65649742,uganda
08-09-2022,victoria,22194,21.1997863,uganda
09-09-2022,kyoga,24201,21.52396317,uganda
10-09-2022,kyoga,24317,22.3567613,uganda
11-09-2022,victoria,21492,21.0999899,uganda
12-09-2022,kyoga,23913,23.26268922,uganda
13-09-2022,victoria,19044,20.40961548,uganda
14-09-2022,victoria,23660,21.69962831,uganda
15-09-2022,kyoga,19576,21.49329103,uganda
16-09-2022,victoria,22729,20.91416862,uganda
17-09-2022,kyoga,18557,20.22165142,uganda
18-09-2022,victoria,23804,21.03212997,uganda
19-09-2022,kyoga,23268,22.62640406,uganda
20-09-2022,victoria,24031,22.58314967,uganda
21-09-2022,kyoga,23034,20.9239426,uganda
22-09-2022,kyoga,21469,22.27276683,uganda
23-09-2022,victoria,24390,21.54780738,uganda
24-09-2022,victoria,18611,18.93226071,uganda
25-09-2022,kyoga,25964,22.15025757,uganda
26-09-2022,kyoga,21083,23.50434646,uganda
27-09-2022,victoria,22482,22.97096183,uganda
28-09-2022,kyoga,20140,21.89600793,uganda
29-09-2022,kyoga,23572,22.61771117,uganda
30-09-2022,kyoga,26837,21.54221624,uganda
01-10-2022,victoria,24025,23.76594241,uganda
02-10-2022,kyoga,19991,22.12931061,uganda
03-10-2022,victoria,21984,23.02265485,uganda
04-10-2022,victoria,25307,22.52557389,uganda
05-10-2022,victoria,20948,22.07707625,uganda
06-10-2022,victoria,24797,21.14060547,uganda
07-10-2022,victoria,24003,23.62944659,uganda
08-10-2022,kyoga,22068,20.56663947,uganda
09-10-2022,kyoga,21554,23.49056117,uganda
10-10-2022,victoria,20463,20.73496642,uganda
11-10-2022,kyoga,25035,22.63471288,uganda
12-10-2022,victoria,22991,22.93303429,uganda
13-10-2022,victoria,22225,21.15449473,uganda
14-10-2022,victoria,22789,21.70635029,uganda
15-10-2022,kyoga,23499,20.11186048,uganda
16-10-2022,victoria,24490,20.74548,uganda
17-10-2022,kyoga,21353,22.32666162,uganda
18-10-2022,kyoga,22639,21.62432273,uganda
19-10-2022,kyoga,19823,21.47700181,uganda
20-10-2022,victoria,25450,23.5616981,uganda
21-10-2022,kyoga,20164,20.18014873,uganda
22-10-2022,victoria,23284,20.88890309,uganda
23-10-2022,kyoga,24840,22.76196328,uganda
24-10-2022,victoria,20334,21.42190273,uganda
25-10-2022,victoria,23354,22.06754288,uganda
26-10-2022,kyoga,20315,22.71934854,uganda
27-10-2022,victoria,20916,20.34522683,uganda
28-10-2022,victoria,26544,20.13933734,uganda
29-10-2022,victoria,24796,21.68154764,uganda
30-10-2022,victoria,22925,20.07238043,uganda
31-10-2022,kyoga,19802,19.53832775,uganda
01-11-2022,victoria,21072,22.48234629,uganda
02-11-2022,victoria,20821,22.3907492,uganda
03-11-2022,victoria,21924,23.05794953,uganda
04-11-2022,victoria,37213,22.09706848,uganda
05-11-2022,victoria,24499,23.43173754,uganda
06-11-2022,victoria,24304,21.07968302,uganda
07-11-2022,kyoga,20563,23.81039721,uganda
08-11-2022,kyoga,20149,23.11724071,uganda
09-11-2022,victoria,22020,21.97308659,uganda
10-11-2022,victoria,25044,21.83815234,uganda
11-11-2022,kyoga,20822,21.162826,uganda
12-11-2022,kyoga,22010,23.96362023,uganda
13-11-2022,victoria,23229,20.74784833,uganda
14-11-2022,victoria,19460,20.93174207,uganda
15-11-2022,victoria,23190,22.79079646,uganda
16-11-2022,kyoga,20605,21.74342036,uganda
17-11-2022,victoria,22167,20.56882941,uganda
18-11-2022,kyoga,23998,22.35741437,uganda
19-11-2022,victoria,23154,23.72694964,uganda
20-11-2022,victoria,24348,22.27140231,uganda
21-11-2022,kyoga,24955,23.3150008,uganda
22-11-2022,victoria,27274,22.36978859,uganda
23-11-2022,kyoga,24468,20.60114665,uganda
24-11-2022,kyoga,22192,22.11619555,uganda
25-11-2022,victoria,22899,21.35146913,uganda
26-11-2022,kyoga,25853,22.07128633,uganda
27-11-2022,kyoga,21957,18.62303859,uganda
28-11-2022,victoria,24563,23.77928025,uganda
29-11-2022,victoria,24061,23.7074806,uganda
30-11-2022,victoria,24983,21.78348765,uganda
01-12-2022,kyoga,17504,19.64075844,uganda
02-12-2022,victoria,24850,21.22180502,uganda
03-12-2022,kyoga,22669,20.47011537,uganda
04-12-2022,kyoga,20580,20.74721996,uganda
05-12-2022,victoria,26897,20.90006438,uganda
06-12-2022,victoria,22882,22.8911547,uganda
07-12-2022,victoria,17910,20.41580595,uganda
08-12-2022,victoria,22663,23.32894609,uganda
09-12-2022,victoria,21567,21.7410706,uganda
10-12-2022,victoria,19228,20.84075448,uganda
11-12-2022,victoria,23425,11.51518532,uganda
12-12-2022,victoria,23208,23.40415734,uganda
13-12-2022,kyoga,26224,20.70004801,uganda
14-12-2022,victoria,25602,22.09970888,uganda
15-12-2022,kyoga,26545,22.20955522,uganda
16-12-2022,victoria,21103,21.87345613,uganda
17-12-2022,kyoga,24060,20.01380051,uganda
18-12-2022,kyoga,18218,22.39771966,uganda
19-12-2022,kyoga,21046,21.1357394,uganda
20-12-2022,victoria,22397,23.71242183,uganda
21-12-2022,kyoga,23683,21.7064161,uganda
22-12-2022,victoria,20114,23.41737582,uganda
23-12-2022,kyoga,23419,20.90108856,uganda
24-12-2022,victoria,24102,20.63013354,uganda
25-12-2022,kyoga,20953,12.68487635,uganda
26-12-2022,kyoga,24488,23.84385582,uganda
27-12-2022,victoria,21063,22.05899957,uganda
28-12-2022,victoria,23074,23.59796004,uganda
29-12-2022,kyoga,18145,17.72694568,uganda
30-12-2022,victoria,24826,23.14255995,uganda
31-12-2022,kyoga,23221,20.16343559,uganda
01-01-2023,victoria,24690,22.42725227,uganda
02-01-2023,kyoga,19742,20.49508202,uganda
03-01-2023,kyoga,21753,22.25289715,uganda
04-01-2023,kyoga,22134,22.11546242,uganda
05-01-2023,kyoga,23426,22.1475114,uganda
06-01-2023,victoria,22776,22.6292369,uganda
07-01-2023,kyoga,21093,20.2362087,uganda
08-01-2023,kyoga,18073,19.50732507,uganda
09-01-2023,kyoga,23257,21.36210231,uganda
10-01-2023,victoria,22136,22.74962298,uganda
11-01-2023,victoria,25272,21.51149887,uganda
12-01-2023,kyoga,27027,20.89160051,uganda
13-01-2023,kyoga,24447,23.15452409,uganda
14-01-2023,kyoga,24140,23.71018239,uganda
15-01-2023,kyoga,21756,21.95771026,uganda
16-01-2023,victoria,23435,21.50682031,uganda
17-01-2023,victoria,20966,21.57078487,uganda
18-01-2023,victoria,18594,19.74124555,uganda
19-01-2023,victoria,23074,22.18639879,uganda
20-01-2023,kyoga,21255,23.41093536,uganda
21-01-2023,kyoga,23002,20.69592766,uganda
22-01-2023,kyoga,21763,22.87893113,uganda
23-01-2023,victoria,24849,20.08874248,uganda
24-01-2023,victoria,22639,21.56187932,uganda
25-01-2023,victoria,22110,22.16473561,uganda
26-01-2023,victoria,21942,20.29947455,uganda
27-01-2023,victoria,18294,18.30082813,uganda
28-01-2023,kyoga,24351,23.02876589,uganda
29-01-2023,victoria,22774,22.59626543,uganda
30-01-2023,victoria,20666,20.16446526,uganda
31-01-2023,victoria,17741,20.87330192,uganda
01-02-2023,victoria,23056,22.97243037,uganda
02-02-2023,kyoga,24572,22.7426117,uganda
03-02-2023,kyoga,23743,21.0549417,uganda
04-02-2023,kyoga,20790,20.12861312,uganda
05-02-2023,victoria,20084,23.98894561,uganda
06-02-2023,kyoga,22970,20.0768483,uganda
07-02-2023,victoria,23307,20.63480522,uganda
08-02-2023,kyoga,21078,22.11664876,uganda
09-02-2023,victoria,20280,21.68061125,uganda
10-02-2023,victoria,24542,22.01621222,uganda
11-02-2023,kyoga,20944,20.18860961,uganda
12-02-2023,kyoga,25893,21.25302739,uganda
13-02-2023,kyoga,22710,21.16464881,uganda
14-02-2023,kyoga,22039,22.29993288,uganda
15-02-2023,kyoga,19359,21.98346785,uganda
16-02-2023,kyoga,20793,22.9165165,uganda
17-02-2023,kyoga,21307,21.88021742,uganda
18-02-2023,kyoga,26943,22.83957328,uganda
19-02-2023,kyoga,21177,23.04717415,uganda
20-02-2023,victoria,21952,21.2652513,uganda
21-02-2023,victoria,22845,21.31708895,uganda
22-02-2023,kyoga,19788,19.22792717,uganda
23-02-2023,victoria,21265,23.70707925,uganda
24-02-2023,victoria,22700,21.57955145,uganda
25-02-2023,victoria,24959,21.85600263,uganda
26-02-2023,kyoga,21839,21.85385535,uganda
27-02-2023,kyoga,21272,22.31414931,uganda
28-02-2023,victoria,18936,18.06929938,uganda
01-03-2023,victoria,19215,22.15427596,uganda
02-03-2023,kyoga,23617,22.245497,uganda
03-03-2023,victoria,21864,20.32025943,uganda
04-03-2023,victoria,23084,21.22811605,uganda
05-03-2023,kyoga,22611,22.75653334,uganda
06-03-2023,kyoga,23282,23.02434768,uganda
07-03-2023,kyoga,24171,21.78500832,uganda
08-03-2023,kyoga,21480,21.10877008,uganda
09-03-2023,kyoga,18693,19.45228299,uganda
10-03-2023,kyoga,22720,22.52284228,uganda
11-03-2023,victoria,20208,23.64298018,uganda
12-03-2023,victoria,23894,22.67689291,uganda
13-03-2023,victoria,21280,23.04503424,uganda
14-03-2023,kyoga,20933,23.74049944,uganda
15-03-2023,victoria,22250,20.67693826,uganda
16-03-2023,victoria,23614,21.56689651,uganda
17-03-2023,kyoga,21479,22.19517048,uganda
18-03-2023,victoria,26520,23.9215888,uganda
19-03-2023,kyoga,21634,21.31833379,uganda
20-03-2023,victoria,24713,23.98828117,uganda
21-03-2023,victoria,19919,19.93575637,uganda
22-03-2023,victoria,23679,21.73094851,uganda
23-03-2023,victoria,23292,21.55573416,uganda
24-03-2023,kyoga,21849,21.56029802,uganda
25-03-2023,kyoga,24478,21.4423077,uganda
26-03-2023,victoria,21586,20.38484806,uganda
27-03-2023,kyoga,24649,20.59535449,uganda
28-03-2023,victoria,20755,22.36080444,uganda
29-03-2023,kyoga,20944,20.07526662,uganda
30-03-2023,victoria,24301,23.16270295,uganda
31-03-2023,victoria,24098,21.70154321,uganda
01-04-2023,victoria,25177,23.91641103,uganda
02-04-2023,victoria,22853,23.91608673,uganda
03-04-2023,victoria,22654,21.57443809,uganda
04-04-2023,victoria,26536,21.70912923,uganda
05-04-2023,kyoga,19781,20.5487199,uganda
06-04-2023,victoria,20686,20.80798247,uganda
07-04-2023,victoria,22306,20.30373103,uganda
08-04-2023,kyoga,21244,21.31477616,uganda
09-04-2023,victoria,21875,23.61835289,uganda
10-04-2023,victoria,20488,20.54485688,uganda
11-04-2023,kyoga,23113,21.79636904,uganda
12-04-2023,kyoga,22413,21.15739321,uganda
13-04-2023,victoria,20691,23.0336617,uganda
14-04-2023,kyoga,22907,23.66994802,uganda
15-04-2023,kyoga,24385,21.58289001,uganda
16-04-2023,victoria,22799,20.96976637,uganda
17-04-2023,kyoga,22376,22.07024177,uganda
18-04-2023,kyoga,22646,20.13643104,uganda
19-04-2023,kyoga,32448,22.31913845,uganda
20-04-2023,kyoga,25171,22.5773478,uganda
21-04-2023,victoria,25685,21.45111643,uganda
22-04-2023,victoria,22727,23.46388154,uganda
23-04-2023,victoria,21527,12.82012617,uganda
24-04-2023,kyoga,21397,22.46268659,uganda
25-04-2023,victoria,24612,20.31527167,uganda
26-04-2023,victoria,25591,21.9392014,uganda
27-04-2023,kyoga,22627,20.73649925,uganda
28-04-2023,victoria,21097,20.69440632,uganda
29-04-2023,victoria,19736,20.04894028,uganda
30-04-2023,kyoga,19512,22.55383716,uganda
01-05-2023,kyoga,24226,20.57382712,uganda
02-05-2023,kyoga,19980,21.04594357,uganda
03-05-2023,kyoga,21951,21.7019609,uganda
04-05-2023,victoria,18366,22.48309226,uganda
05-05-2023,kyoga,24221,22.74681713,uganda
06-05-2023,kyoga,24317,21.92112456,uganda
07-05-2023,victoria,23570,22.09461627,uganda
08-05-2023,kyoga,24496,23.13535475,uganda
09-05-2023,kyoga,22443,22.31103613,uganda
10-05-2023,victoria,25702,23.19046625,uganda
11-05-2023,kyoga,23963,23.63058719,uganda
12-05-2023,kyoga,20568,23.45375746,uganda
13-05-2023,victoria,22651,22.01881293,uganda
14-05-2023,kyoga,24101,21.36027759,uganda
15-05-2023,victoria,22762,23.89121162,uganda
16-05-2023,victoria,23915,20.86555435,uganda
17-05-2023,victoria,26022,23.87438716,uganda
18-05-2023,victoria,19433,18.46305327,uganda
19-05-2023,victoria,21785,23.41973012,uganda
20-05-2023,victoria,23991,23.59886212,uganda
21-05-2023,kyoga,23623,22.67436068,uganda
22-05-2023,victoria,24972,22.96236993,uganda
23-05-2023,kyoga,22368,23.26766059,uganda
24-05-2023,victoria,23285,21.32243975,uganda
25-05-2023,kyoga,20561,23.20255566,uganda
26-05-2023,victoria,25405,22.20599174,uganda
27-05-2023,victoria,24332,23.82238763,uganda
28-05-2023,victoria,20698,21.45763101,uganda
29-05-2023,kyoga,19599,21.09228274,uganda
30-05-2023,victoria,23324,12.98040949,uganda
31-05-2023,kyoga,24923,21.84412778,uganda
01-06-2023,kyoga,21174,23.00851418,uganda
02-06-2023,kyoga,26697,22.59495022,uganda
03-06-2023,victoria,23128,22.14361896,uganda
04-06-2023,victoria,19104,19.68675631,uganda
05-06-2023,kyoga,21302,23.74554256,uganda
06-06-2023,kyoga,21982,22.51078866,uganda
07-06-2023,kyoga,25833,21.95360811,uganda
08-06-2023,victoria,23337,22.03603343,uganda
09-06-2023,kyoga,26015,21.52777459,uganda
10-06-2023,kyoga,21303,22.59116035,uganda
11-06-2023,victoria,24787,21.03968733,uganda
12-06-2023,victoria,21006,21.46569723,uganda
13-06-2023,kyoga,21159,22.3707439,uganda
14-06-2023,kyoga,23577,22.27856835,uganda
15-06-2023,kyoga,21566,21.46321691,uganda
16-06-2023,victoria,24977,23.86849555,uganda
17-06-2023,kyoga,24304,20.20504647,uganda
18-06-2023,kyoga,23919,21.56424461,uganda
19-06-2023,victoria,18999,20.75568773,uganda
20-06-2023,victoria,23576,22.59116987,uganda
21-06-2023,victoria,22931,21.06162196,uganda
22-06-2023,victoria,21286,23.7623184,uganda
23-06-2023,victoria,23394,22.88740235,uganda
24-06-2023,kyoga,20193,22.55349573,uganda
25-06-2023,victoria,21405,23.61797176,uganda
26-06-2023,victoria,23077,21.12419037,uganda
27-06-2023,victoria,21864,21.7735471,uganda
28-06-2023,victoria,24231,20.51810133,uganda
29-06-2023,victoria,22896,23.74150389,uganda
30-06-2023,victoria,27422,21.30786711,uganda
01-07-2023,victoria,18870,19.1636749,uganda
02-07-2023,kyoga,24768,21.20618161,uganda
03-07-2023,victoria,22605,20.56585731,uganda
04-07-2023,victoria,25644,23.98677825,uganda
05-07-2023,victoria,19886,18.97891819,uganda
06-07-2023,kyoga,23634,22.97321177,uganda
07-07-2023,kyoga,22775,23.5547517,uganda
08-07-2023,victoria,21822,20.94985689,uganda
09-07-2023,victoria,19978,18.25051311,uganda
10-07-2023,kyoga,23569,22.04920925,uganda
11-07-2023,kyoga,19993,20.58524387,uganda
12-07-2023,kyoga,22978,21.85307424,uganda
13-07-2023,victoria,22946,22.51180052,uganda
14-07-2023,victoria,16889,21.26987265,uganda
15-07-2023,victoria,23460,20.66962339,uganda
16-07-2023,kyoga,24080,22.06874792,uganda
17-07-2023,victoria,23713,22.71605524,uganda
18-07-2023,kyoga,22252,23.53648332,uganda
19-07-2023,victoria,20920,23.11270956,uganda
20-07-2023,victoria,21977,21.75049792,uganda
21-07-2023,kyoga,19872,19.8803989,uganda
22-07-2023,victoria,21323,23.36172973,uganda
23-07-2023,kyoga,24269,20.98431109,uganda
24-07-2023,kyoga,24093,21.17122271,uganda
25-07-2023,kyoga,21683,20.21242992,uganda
26-07-2023,kyoga,21463,20.68284896,uganda
27-07-2023,victoria,21335,21.14579744,uganda
28-07-2023,victoria,19142,20.33424654,uganda
29-07-2023,kyoga,27640,22.1132696,uganda
30-07-2023,victoria,25415,22.6187892,uganda
31-07-2023,victoria,20869,23.02437572,uganda
01-08-2023,victoria,20593,23.74916377,uganda
02-08-2023,victoria,21137,20.68971184,uganda
03-08-2023,kyoga,21006,20.32766763,uganda
04-08-2023,kyoga,20873,20.98501851,uganda
05-08-2023,victoria,21332,23.6088858,uganda
06-08-2023,victoria,23121,23.20661729,uganda
07-08-2023,kyoga,20805,23.62066374,uganda
08-08-2023,victoria,22152,22.82141323,uganda
09-08-2023,victoria,21884,22.89901866,uganda
10-08-2023,kyoga,17899,18.28938162,uganda
11-08-2023,victoria,24161,22.86212816,uganda
12-08-2023,kyoga,21758,22.29574356,uganda
13-08-2023,kyoga,19577,22.147182,uganda
14-08-2023,victoria,24486,23.73951088,uganda
15-08-2023,kyoga,23863,20.64501598,uganda
16-08-2023,kyoga,23588,21.08428377,uganda
17-08-2023,victoria,22193,23.99512922,uganda
18-08-2023,victoria,19250,20.38897967,uganda
19-08-2023,kyoga,22290,22.41680103,uganda
20-08-2023,victoria,20038,22.42373539,uganda
21-08-2023,kyoga,20385,23.33528537,uganda
22-08-2023,kyoga,22940,23.38852636,uganda
23-08-2023,victoria,22533,21.4709263,uganda
24-08-2023,victoria,23418,14.43522982,uganda
25-08-2023,victoria,26931,20.10011501,uganda
26-08-2023,kyoga,20552,12.97910852,uganda
27-08-2023,kyoga,20853,21.29204896,uganda
28-08-2023,victoria,22966,20.2245736,uganda
29-08-2023,kyoga,21849,20.13451085,uganda
30-08-2023,victoria,21969,22.48745504,uganda
31-08-2023,victoria,26257,22.05085184,uganda
01-09-2023,kyoga,20977,22.31833006,uganda
02-09-2023,kyoga,22207,22.4406164,uganda
03-09-2023,victoria,22709,22.9362197,uganda
04-09-2023,victoria,18929,19.52497717,uganda
05-09-2023,kyoga,23359,22.15787521,uganda
06-09-2023,kyoga,22361,21.77806608,uganda
07-09-2023,victoria,21758,21.10490899,uganda
08-09-2023,kyoga,22768,23.58428013,uganda
09-09-2023,victoria,22644,23.44112312,uganda
10-09-2023,victoria,19643,18.5964281,uganda
11-09-2023,victoria,20250,22.75127786,uganda
12-09-2023,victoria,23067,22.06496944,uganda
13-09-2023,victoria,22222,20.8639729,uganda
14-09-2023,kyoga,23470,20.20982777,uganda
15-09-2023,victoria,18987,17.7732624,uganda
16-09-2023,victoria,21212,23.73584776,uganda
17-09-2023,kyoga,23710,22.94849302,uganda
18-09-2023,victoria,17335,22.49204035,uganda
19-09-2023,kyoga,21087,22.22606319,uganda
20-09-2023,kyoga,17268,19.55745232,uganda
21-09-2023,victoria,22761,21.62045422,uganda
22-09-2023,kyoga,19447,19.25910048,uganda
23-09-2023,kyoga,22648,23.5505787,uganda
24-09-2023,victoria,24628,20.98813889,uganda
25-09-2023,victoria,18350,20.47743604,uganda
26-09-2023,victoria,21504,23.92823087,uganda
27-09-2023,victoria,21518,18.69982523,uganda
28-09-2023,victoria,19346,19.16845598,uganda
29-09-2023,victoria,19596,21.1916959,uganda
30-09-2023,kyoga,21539,22.89247681,uganda
01-10-2023,kyoga,20619,20.80915323,uganda
02-10-2023,victoria,19528,21.30006904,uganda
03-10-2023,kyoga,21425,20.70917827,uganda
04-10-2023,kyoga,23132,21.66760841,uganda
05-10-2023,kyoga,26078,21.38706341,uganda
06-10-2023,victoria,22949,20.49276332,uganda
07-10-2023,kyoga,17311,20.38111146,uganda
08-10-2023,victoria,24390,22.8934876,uganda
09-10-2023,kyoga,22748,21.87431243,uganda
10-10-2023,kyoga,22316,21.97155075,uganda
11-10-2023,victoria,23936,22.73505075,uganda
12-10-2023,kyoga,22385,23.13921541,uganda
13-10-2023,kyoga,22155,21.95419505,uganda
14-10-2023,victoria,21442,20.69318862,uganda
15-10-2023,kyoga,24520,22.03398692,uganda
16-10-2023,kyoga,23128,22.11266534,uganda
17-10-2023,kyoga,23308,23.29252906,uganda
18-10-2023,kyoga,25919,21.58411842,uganda
19-10-2023,kyoga,19136,19.85481426,uganda
20-10-2023,victoria,24969,20.18354467,uganda
21-10-2023,victoria,23312,23.01575644,uganda
22-10-2023,kyoga,21867,20.42047164,uganda
23-10-2023,victoria,20992,10.39661223,uganda
24-10-2023,victoria,22695,23.18745787,uganda
25-10-2023,victoria,19920,19.86226102,uganda
26-10-2023,kyoga,22580,21.57868614,uganda
27-10-2023,victoria,21885,23.19036131,uganda
28-10-2023,victoria,25144,20.49943798,uganda
29-10-2023,kyoga,23670,23.71099342,uganda
30-10-2023,victoria,24066,22.14020492,uganda
31-10-2023,victoria,24670,22.0522707,uganda
01-11-2023,kyoga,22996,20.18580141,uganda
02-11-2023,victoria,21434,22.91443767,uganda
03-11-2023,victoria,24717,21.01779092,uganda
04-11-2023,victoria,19610,21.13238422,uganda
05-11-2023,victoria,23318,21.35749974,uganda
06-11-2023,victoria,22547,20.61106098,uganda
07-11-2023,kyoga,21181,22.91144742,uganda
08-11-2023,kyoga,22814,21.73120051,uganda
09-11-2023,victoria,25861,23.8392176,uganda
10-11-2023,kyoga,22894,20.59317299,uganda
11-11-2023,kyoga,21734,22.75837367,uganda
12-11-2023,kyoga,20234,22.68443483,uganda
13-11-2023,victoria,26719,20.27522086,uganda
14-11-2023,victoria,24934,21.45609892,uganda
15-11-2023,kyoga,21007,21.41745446,uganda
16-11-2023,victoria,21444,23.57342168,uganda
17-11-2023,kyoga,26596,20.16850829,uganda
18-11-2023,kyoga,24664,23.18460269,uganda
19-11-2023,kyoga,22233,20.8859429,uganda
20-11-2023,victoria,21847,23.40217164,uganda
21-11-2023,kyoga,24024,23.9140991,uganda
22-11-2023,victoria,34098,21.22078906,uganda
23-11-2023,victoria,20895,21.42244747,uganda
24-11-2023,kyoga,22496,22.6511835,uganda
25-11-2023,victoria,23782,22.05043178,uganda
26-11-2023,kyoga,24198,23.691479,uganda
27-11-2023,victoria,22263,20.27860097,uganda
28-11-2023,kyoga,22205,22.6216384,uganda
29-11-2023,kyoga,21505,21.92595856,uganda
30-11-2023,kyoga,23270,20.84021014,uganda
01-12-2023,kyoga,22893,21.9842178,uganda
02-12-2023,kyoga,22393,20.98996692,uganda
03-12-2023,victoria,22779,21.20944946,uganda
04-12-2023,kyoga,22200,20.38888308,uganda
05-12-2023,victoria,22547,21.22259803,uganda
06-12-2023,victoria,19946,19.3417039,uganda
07-12-2023,kyoga,38159,20.27801725,uganda
08-12-2023,kyoga,21622,10.85815317,uganda
09-12-2023,victoria,25091,23.9474325,uganda
10-12-2023,kyoga,21858,20.11619142,uganda
11-12-2023,kyoga,22662,20.30725862,uganda
12-12-2023,kyoga,22971,21.45339095,uganda
13-12-2023,victoria,22644,22.87049822,uganda
14-12-2023,victoria,20303,21.21132152,uganda
15-12-2023,victoria,23112,22.80829895,uganda
16-12-2023,victoria,21774,20.04098132,uganda
17-12-2023,victoria,20850,23.15453597,uganda
18-12-2023,kyoga,20869,21.02608586,uganda
19-12-2023,victoria,23226,20.65739043,uganda
20-12-2023,victoria,20849,20.46536585,uganda
21-12-2023,kyoga,23289,23.99497146,uganda
22-12-2023,kyoga,18648,22.07547,uganda
23-12-2023,kyoga,24214,20.12873148,uganda
24-12-2023,victoria,24539,22.13150947,uganda
25-12-2023,victoria,21193,23.10228475,uganda
26-12-2023,kyoga,20410,20.21549491,uganda
27-12-2023,kyoga,21433,21.75204557,uganda
28-12-2023,victoria,23291,20.07085073,uganda
29-12-2023,victoria,26471,21.92516448,uganda
30-12-2023,victoria,22404,22.84872926,uganda
31-12-2023,kyoga,20598,23.3503032,uganda
01-01-2024,kyoga,21353,23.88064329,uganda
02-01-2024,kyoga,22991,23.57999366,uganda
03-01-2024,victoria,23204,20.60001214,uganda
04-01-2024,victoria,23626,20.23704178,uganda
05-01-2024,kyoga,22885,20.17425614,uganda
06-01-2024,kyoga,19017,21.54996158,uganda
07-01-2024,victoria,20862,21.44436088,uganda
08-01-2024,kyoga,21934,22.74597966,uganda
09-01-2024,victoria,25235,23.51349917,uganda
10-01-2024,victoria,20272,22.13624079,uganda
11-01-2024,victoria,20625,21.0625852,uganda
12-01-2024,kyoga,24319,20.90248396,uganda
13-01-2024,kyoga,23106,22.99534811,uganda
14-01-2024,kyoga,26980,22.96304727,uganda
15-01-2024,victoria,23785,23.13155161,uganda
16-01-2024,kyoga,22747,22.58795365,uganda
17-01-2024,kyoga,21504,19.61365315,uganda
18-01-2024,kyoga,25274,23.45660673,uganda
19-01-2024,kyoga,23724,23.17276228,uganda
20-01-2024,victoria,22617,22.83799012,uganda
21-01-2024,kyoga,20626,22.67528163,uganda
22-01-2024,kyoga,21760,22.45610088,uganda
23-01-2024,kyoga,24130,21.55434617,uganda
24-01-2024,victoria,23240,17.8243343,uganda
25-01-2024,kyoga,24224,23.27454607,uganda
26-01-2024,kyoga,22374,22.69064634,uganda
27-01-2024,victoria,22664,23.80571884,uganda
28-01-2024,victoria,24848,22.33999763,uganda
29-01-2024,victoria,22152,21.92979336,uganda
30-01-2024,victoria,22666,12.71488605,uganda
31-01-2024,victoria,22118,22.12435505,uganda
01-02-2024,kyoga,22073,23.62267655,uganda
02-02-2024,victoria,20906,16.44303817,uganda
03-02-2024,kyoga,22083,20.75576145,uganda
04-02-2024,kyoga,26878,20.93431023,uganda
05-02-2024,kyoga,23186,21.7746628,uganda
06-02-2024,victoria,22115,21.66296267,uganda
07-02-2024,kyoga,22942,22.16606752,uganda
08-02-2024,kyoga,23739,22.60718117,uganda
09-02-2024,victoria,21273,21.60038452,uganda
10-02-2024,kyoga,20181,17.09686536,uganda
11-02-2024,kyoga,19999,20.63311025,uganda
12-02-2024,kyoga,24709,20.02411091,uganda
13-02-2024,kyoga,22137,23.07937292,uganda
14-02-2024,kyoga,19409,18.43401753,uganda
15-02-2024,victoria,22534,22.32810124,uganda
16-02-2024,kyoga,21858,20.21317444,uganda
17-02-2024,victoria,20487,21.73365168,uganda
18-02-2024,victoria,20613,22.31193166,uganda
19-02-2024,kyoga,23372,20.81969848,uganda
20-02-2024,victoria,27706,20.4624664,uganda
21-02-2024,kyoga,20965,23.62291051,uganda
22-02-2024,kyoga,22235,21.52500772,uganda
23-02-2024,victoria,21092,20.10594143,uganda
24-02-2024,victoria,24288,22.9331398,uganda
25-02-2024,kyoga,29206,21.3368705,uganda
26-02-2024,victoria,23132,21.4528811,uganda
27-02-2024,kyoga,22440,23.91182533,uganda
28-02-2024,kyoga,23978,20.10807969,uganda
29-02-2024,kyoga,25064,15.87672276,uganda
01-03-2024,kyoga,25303,20.66167324,uganda
02-03-2024,victoria,21637,22.9084837,uganda
03-03-2024,victoria,27327,20.04073588,uganda
04-03-2024,kyoga,25244,21.5020322,uganda
05-03-2024,victoria,19070,20.17252083,uganda
06-03-2024,victoria,21765,20.96262661,uganda
07-03-2024,victoria,21429,20.05013084,uganda
08-03-2024,victoria,24086,23.79897033,uganda
09-03-2024,victoria,21287,23.13626391,uganda
10-03-2024,kyoga,26122,21.93645747,uganda
11-03-2024,kyoga,21183,21.51324751,uganda
12-03-2024,kyoga,21411,20.35403043,uganda
13-03-2024,victoria,24110,21.83615154,uganda
14-03-2024,kyoga,20595,22.09251047,uganda
15-03-2024,victoria,20130,20.67809757,uganda
16-03-2024,kyoga,21470,21.51303999,uganda
17-03-2024,kyoga,19643,18.67639414,uganda
18-03-2024,victoria,21172,23.44541774,uganda
19-03-2024,victoria,22040,23.49613757,uganda
20-03-2024,kyoga,21578,20.50185002,uganda
21-03-2024,kyoga,22444,22.26567103,uganda
22-03-2024,kyoga,22036,23.59789799,uganda
23-03-2024,victoria,16320,21.72429101,uganda
24-03-2024,kyoga,23731,15.32060098,uganda
25-03-2024,victoria,20451,21.63981633,uganda
26-03-2024,kyoga,22011,20.63194193,uganda
27-03-2024,kyoga,22121,21.68408624,uganda
28-03-2024,kyoga,20092,20.36927176,uganda
29-03-2024,kyoga,21413,23.80451588,uganda
30-03-2024,victoria,18255,19.19311959,uganda
31-03-2024,victoria,25567,23.61631056,uganda
01-04-2024,kyoga,17436,22.60586282,uganda
02-04-2024,kyoga,21096,21.30446057,uganda
03-04-2024,kyoga,21413,22.18152453,uganda
04-04-2024,victoria,24534,23.05048566,uganda
05-04-2024,victoria,20587,21.46403012,uganda
06-04-2024,victoria,24137,23.80389227,uganda
07-04-2024,kyoga,24268,22.03978871,uganda
08-04-2024,victoria,18975,19.10453491,uganda
09-04-2024,victoria,21410,21.69219997,uganda
10-04-2024,victoria,21690,23.68191312,uganda
11-04-2024,victoria,25197,21.89028808,uganda
12-04-2024,victoria,20880,23.04214438,uganda
13-04-2024,victoria,22773,21.03649818,uganda
14-04-2024,victoria,22179,20.08677382,uganda
15-04-2024,kyoga,19359,18.63777262,uganda
16-04-2024,victoria,22984,21.43403552,uganda
17-04-2024,victoria,21907,20.07884969,uganda
18-04-2024,victoria,20636,22.16693857,uganda
19-04-2024,victoria,22858,22.29039503,uganda
20-04-2024,victoria,19048,21.34857224,uganda
21-04-2024,victoria,23340,23.7343253,uganda
22-04-2024,kyoga,26921,21.53632852,uganda
23-04-2024,kyoga,21383,21.53119479,uganda
24-04-2024,kyoga,24296,20.50506609,uganda
25-04-2024,victoria,21728,17.38330622,uganda
26-04-2024,victoria,24220,21.33691814,uganda
27-04-2024,victoria,20686,22.12783469,uganda
28-04-2024,victoria,23157,23.83451436,uganda
29-04-2024,kyoga,20970,22.16034666,uganda
30-04-2024,kyoga,23582,23.13886222,uganda
01-05-2024,kyoga,21643,23.33446773,uganda
02-05-2024,victoria,39799,21.78311656,uganda
03-05-2024,kyoga,22161,22.10656719,uganda
04-05-2024,kyoga,22466,23.88730666,uganda
05-05-2024,kyoga,23057,20.48356804,uganda
06-05-2024,victoria,22513,21.41873634,uganda
07-05-2024,kyoga,22203,21.27535112,uganda
08-05-2024,kyoga,26078,22.61363996,uganda
09-05-2024,victoria,22478,20.38846258,uganda
10-05-2024,kyoga,21233,22.27656587,uganda
11-05-2024,victoria,22355,23.21520865,uganda
12-05-2024,kyoga,24143,22.76773698,uganda
13-05-2024,kyoga,19395,18.99597697,uganda
14-05-2024,kyoga,22294,22.72893604,uganda
15-05-2024,kyoga,19097,20.37353789,uganda
16-05-2024,kyoga,24023,21.45856636,uganda
17-05-2024,kyoga,21489,21.79283932,uganda
18-05-2024,kyoga,22995,23.7186931,uganda
19-05-2024,kyoga,23649,22.7606936,uganda
20-05-2024,victoria,22519,21.80091685,uganda
21-05-2024,victoria,19506,20.59841268,uganda
22-05-2024,kyoga,23329,22.63250007,uganda
23-05-2024,kyoga,19817,22.25987138,uganda
24-05-2024,victoria,18810,19.09431673,uganda
25-05-2024,kyoga,16856,21.3096965,uganda
26-05-2024,kyoga,24300,21.29210008,uganda
27-05-2024,kyoga,16321,21.20180595,uganda
28-05-2024,victoria,22600,23.75839206,uganda
29-05-2024,kyoga,18831,21.58546536,uganda
30-05-2024,victoria,24440,20.70693445,uganda
31-05-2024,kyoga,24119,22.41325203,uganda
01-06-2024,kyoga,22183,23.71784274,uganda
02-06-2024,kyoga,24110,23.82131631,uganda
03-06-2024,victoria,22241,20.64503405,uganda
04-06-2024,victoria,22553,23.07572661,uganda
05-06-2024,kyoga,21844,20.35775515,uganda
06-06-2024,victoria,22733,21.10781373,uganda
07-06-2024,kyoga,21256,21.85686987,uganda
08-06-2024,victoria,23430,19.20980514,uganda
09-06-2024,victoria,22071,22.03152348,uganda
10-06-2024,victoria,23575,20.61540792,uganda
11-06-2024,victoria,22668,20.88750437,uganda
12-06-2024,victoria,21744,20.5220078,uganda
13-06-2024,victoria,21761,22.88694183,uganda
14-06-2024,victoria,22111,21.21429259,uganda
15-06-2024,kyoga,23444,20.93906665,uganda
16-06-2024,kyoga,24554,22.70044114,uganda
17-06-2024,victoria,20884,23.83094849,uganda
18-06-2024,kyoga,24143,20.16369896,uganda
19-06-2024,kyoga,18872,20.40758108,uganda
20-06-2024,victoria,23572,23.99270812,uganda
21-06-2024,victoria,24022,21.11300263,uganda
22-06-2024,victoria,21281,22.17119819,uganda
23-06-2024,kyoga,19400,20.94819783,uganda
24-06-2024,kyoga,19241,20.96240032,uganda
25-06-2024,kyoga,21089,23.00567215,uganda
26-06-2024,kyoga,22231,13.55807429,uganda
27-06-2024,victoria,24959,21.59677953,uganda
28-06-2024,kyoga,28575,21.1142587,uganda
29-06-2024,victoria,22509,20.57053858,uganda
30-06-2024,victoria,23363,20.12661329,uganda
01-07-2024,victoria,26282,22.05394872,uganda
02-07-2024,kyoga,22021,23.17631339,uganda
03-07-2024,victoria,23006,20.29012868,uganda
04-07-2024,victoria,21125,20.16097303,uganda
05-07-2024,kyoga,23642,22.61465348,uganda
06-07-2024,victoria,23550,20.73025827,uganda
07-07-2024,kyoga,20936,20.36914863,uganda
08-07-2024,victoria,36087,21.29071071,uganda
09-07-2024,kyoga,21884,22.45380926,uganda
10-07-2024,victoria,21642,22.65762971,uganda
11-07-2024,victoria,21380,22.22144771,uganda
12-07-2024,victoria,22325,23.59785896,uganda
13-07-2024,kyoga,22952,22.09802323,uganda
14-07-2024,victoria,22246,20.4482983,uganda
15-07-2024,victoria,21278,23.61170827,uganda
16-07-2024,kyoga,19945,22.32958451,uganda
17-07-2024,victoria,25079,23.53897018,uganda
18-07-2024,victoria,22182,22.73832951,uganda
19-07-2024,victoria,16286,18.11761029,uganda
20-07-2024,victoria,20434,22.41161948,uganda
21-07-2024,kyoga,18362,19.72099406,uganda
22-07-2024,victoria,24968,20.47267215,uganda
23-07-2024,victoria,27592,23.51493015,uganda
24-07-2024,kyoga,21586,21.52686725,uganda
25-07-2024,victoria,23706,20.62513319,uganda
26-07-2024,kyoga,17934,18.77756029,uganda
27-07-2024,kyoga,23990,20.53728608,uganda
28-07-2024,victoria,21130,21.57279511,uganda
29-07-2024,victoria,21765,22.97920695,uganda
30-07-2024,kyoga,18795,21.09687374,uganda
31-07-2024,kyoga,22316,23.16147943,uganda
01-08-2024,kyoga,24694,22.2411174,uganda
02-08-2024,kyoga,19679,16.17641374,uganda
03-08-2024,kyoga,22635,23.70888646,uganda
04-08-2024,victoria,23114,21.05183562,uganda
05-08-2024,kyoga,26256,20.65837608,uganda
06-08-2024,victoria,23968,21.6340692,uganda
07-08-2024,kyoga,26698,20.26780839,uganda
08-08-2024,kyoga,20969,21.79767,uganda
09-08-2024,kyoga,21111,21.17076889,uganda
10-08-2024,victoria,24365,20.19687912,uganda
11-08-2024,victoria,21715,22.04271682,uganda
12-08-2024,victoria,23054,20.71297076,uganda
13-08-2024,victoria,19209,18.66893799,uganda
14-08-2024,victoria,24037,22.04664603,uganda
15-08-2024,victoria,25228,20.80546907,uganda
16-08-2024,victoria,22459,20.2752469,uganda
17-08-2024,victoria,18101,18.95744,uganda
18-08-2024,victoria,24281,22.47176071,uganda
19-08-2024,kyoga,27684,20.43488828,uganda
20-08-2024,victoria,24183,20.55730214,uganda
21-08-2024,kyoga,22953,23.23246721,uganda
22-08-2024,kyoga,22205,20.68896612,uganda
23-08-2024,victoria,22003,23.73738154,uganda
24-08-2024,victoria,23935,22.215346,uganda
25-08-2024,kyoga,20206,22.03324998,uganda
26-08-2024,kyoga,19315,22.1059878,uganda
27-08-2024,kyoga,20079,21.1433584,uganda
28-08-2024,kyoga,23970,22.794794,uganda
29-08-2024,kyoga,21551,21.69012223,uganda
30-08-2024,victoria,22464,20.92451951,uganda
31-08-2024,kyoga,20954,21.93925907,uganda
01-09-2024,kyoga,23572,21.25992546,uganda
02-09-2024,victoria,19540,19.29327452,uganda
03-09-2024,victoria,23913,23.84136438,uganda
04-09-2024,kyoga,20903,20.81945948,uganda
05-09-2024,kyoga,23467,21.50797913,uganda
06-09-2024,victoria,24857,23.65155277,uganda
07-09-2024,victoria,22804,21.30156916,uganda
08-09-2024,kyoga,20889,20.22567889,uganda
09-09-2024,victoria,21263,22.48832434,uganda
10-09-2024,victoria,20451,20.62583854,uganda
11-09-2024,victoria,21427,20.28244638,uganda
12-09-2024,kyoga,20353,22.66846385,uganda
13-09-2024,victoria,25368,23.02243916,uganda
14-09-2024,victoria,21241,20.01312028,uganda
15-09-2024,kyoga,23072,23.97741642,uganda
16-09-2024,victoria,24715,22.69681337,uganda
17-09-2024,victoria,22210,21.21099422,uganda
18-09-2024,victoria,19791,20.77036415,uganda
19-09-2024,kyoga,22627,21.24650125,uganda
20-09-2024,kyoga,20388,20.43298154,uganda
21-09-2024,victoria,22918,20.9551168,uganda
22-09-2024,kyoga,22580,20.05529649,uganda
23-09-2024,kyoga,23401,20.26788833,uganda
24-09-2024,victoria,19998,22.5423636,uganda
25-09-2024,kyoga,25391,21.38508391,uganda
26-09-2024,victoria,21547,23.54251629,uganda
27-09-2024,victoria,20204,22.28105558,uganda
28-09-2024,kyoga,23604,21.70530578,uganda
29-09-2024,kyoga,20697,23.8288768,uganda
30-09-2024,victoria,22849,22.70063151,uganda
01-10-2024,victoria,22392,22.28238935,uganda
02-10-2024,kyoga,23991,21.08540786,uganda
03-10-2024,victoria,20121,22.90313349,uganda
04-10-2024,victoria,23368,21.12168874,uganda
05-10-2024,kyoga,22305,21.7164849,uganda
06-10-2024,kyoga,20624,22.60047994,uganda
07-10-2024,kyoga,22898,20.52345456,uganda
08-10-2024,victoria,23185,18.77543491,uganda
09-10-2024,victoria,20583,23.42537776,uganda
10-10-2024,victoria,22194,21.24148148,uganda
11-10-2024,kyoga,23484,21.372209,uganda
12-10-2024,kyoga,22472,20.41736108,uganda
13-10-2024,kyoga,21341,21.41789533,uganda
14-10-2024,victoria,22517,20.16156793,uganda
15-10-2024,victoria,23436,21.03515421,uganda
16-10-2024,kyoga,19757,17.80863618,uganda
17-10-2024,victoria,22450,22.94969868,uganda
18-10-2024,kyoga,23284,21.04843989,uganda
19-10-2024,victoria,20146,20.25986714,uganda
20-10-2024,victoria,21222,20.25060401,uganda
21-10-2024,kyoga,20708,20.67755044,uganda
22-10-2024,kyoga,21967,21.10275377,uganda
23-10-2024,victoria,18952,19.53688059,uganda
24-10-2024,kyoga,23044,20.88663308,uganda
25-10-2024,kyoga,23168,17.00673796,uganda
26-10-2024,kyoga,16738,18.75170889,uganda
27-10-2024,kyoga,21978,23.98196971,uganda
28-10-2024,kyoga,23201,23.49612242,uganda
29-10-2024,victoria,18008,20.2250572,uganda
30-10-2024,victoria,25495,22.38354977,uganda
31-10-2024,kyoga,26397,20.05322508,uganda
01-11-2024,kyoga,23880,20.06534358,uganda
02-11-2024,victoria,22988,21.39229838,uganda
03-11-2024,kyoga,22083,21.34066908,uganda
04-11-2024,kyoga,21403,22.77971075,uganda
05-11-2024,victoria,20999,23.42829003,uganda
06-11-2024,victoria,25831,21.65797841,uganda
07-11-2024,victoria,22476,22.15890673,uganda
08-11-2024,kyoga,19732,19.3647078,uganda
09-11-2024,kyoga,21812,21.85967397,uganda
10-11-2024,kyoga,23827,21.42827187,uganda
11-11-2024,kyoga,24424,21.53636366,uganda
12-11-2024,victoria,23274,21.59160169,uganda
13-11-2024,victoria,22337,20.46714762,uganda
14-11-2024,kyoga,21780,22.81469385,uganda
15-11-2024,kyoga,23745,23.94584176,uganda
16-11-2024,victoria,24854,23.20027865,uganda
17-11-2024,kyoga,21242,23.27630082,uganda
18-11-2024,victoria,23623,22.23606233,uganda
19-11-2024,kyoga,23644,22.86955979,uganda
20-11-2024,victoria,21251,21.38025301,uganda
21-11-2024,kyoga,22590,23.23758235,uganda
22-11-2024,victoria,20253,23.06339345,uganda
23-11-2024,victoria,25953,22.97004848,uganda
24-11-2024,kyoga,23505,21.10114436,uganda
25-11-2024,kyoga,22052,21.95317031,uganda
26-11-2024,victoria,26601,20.77380264,uganda
27-11-2024,victoria,23593,20.26352168,uganda
28-11-2024,kyoga,23153,23.61416358,uganda
29-11-2024,victoria,23985,23.63890038,uganda
30-11-2024,victoria,21642,21.72514687,uganda
01-12-2024,kyoga,22371,22.40447895,uganda
02-12-2024,kyoga,21994,20.50863815,uganda
03-12-2024,victoria,21671,20.30801171,uganda
04-12-2024,victoria,20929,10.77537399,uganda
05-12-2024,kyoga,23529,21.44051866,uganda
06-12-2024,kyoga,20281,20.90755663,uganda
07-12-2024,victoria,26113,21.36851154,uganda
08-12-2024,kyoga,22360,21.35606063,uganda
09-12-2024,victoria,19840,21.24989999,uganda
10-12-2024,victoria,22717,21.62088015,uganda
11-12-2024,kyoga,24644,23.66404049,uganda
12-12-2024,victoria,18909,20.83865672,uganda
13-12-2024,victoria,20966,20.31925305,uganda
14-12-2024,victoria,21935,20.37443999,uganda
15-12-2024,kyoga,22603,21.66330609,uganda
16-12-2024,victoria,20974,23.5807974,uganda
17-12-2024,victoria,22621,20.54512729,uganda
18-12-2024,kyoga,22142,22.56744268,uganda
19-12-2024,kyoga,21457,22.10968367,uganda
20-12-2024,victoria,20831,20.15274363,uganda
21-12-2024,victoria,21709,20.72951075,uganda
22-12-2024,kyoga,23087,21.31779642,uganda
23-12-2024,victoria,24993,21.84248852,uganda
24-12-2024,kyoga,27459,20.33622233,uganda
25-12-2024,kyoga,22338,21.74777466,uganda
26-12-2024,victoria,21830,21.38842739,uganda
27-12-2024,kyoga,23734,23.45100092,uganda
28-12-2024,victoria,25739,22.25606565,uganda
29-12-2024,kyoga,25207,20.76477614,uganda
30-12-2024,kyoga,23709,20.80604589,uganda
31-12-2024,kyoga,21708,20.30112679,uganda
